pdf_path	markdown_path	markdown_text	ds
agendas/2023_01_04_HESS_agenda.pdf	agenda_markdowns/2023_01_04_HESS_agenda.md	"## CITY OF NEW YORK Brooklyn Community Board No. 2

## Lenue H. Singletary, III Chairperson

<!-- image -->

Antonio Reynoso 19th Borough President of Brooklyn

<!-- image -->

## MEETING NOTICE

Committee:

Health, Environment & Social Services Committee

Leadership:

Brandon Smith (Chair), Nicole McKnight (Vice Chair), Jessica Thurston (Secretary)

Members:

Emily Anadu, Victor Andrews, Akosua Cobb, Monique Cumberbatch,

Lindsay Einhorn, Jeffrey Ryan, Alejandro Varela

The next meeting of the committee will be held as follows:

Date:

Wednesday, January 04, 2023

Time:

6:00 p.m.

Location:

fully remote/online via [Zoom link](https://us06web.zoom.us/j/87170796294?pwd=azA1TWNnVXNGSzBpN1BXamNVMHZNQT09)

## AGENDA

1. Welcome & Review of CB2 Meeting Protocols
   - B. Smith
2. Roll Call & Introduction of Committee Members
   - J. Thurston
3. Adoption of this Agenda
4. Adoption of Previous Minutes: [December 2022](https://drive.google.com/file/d/1LBRGUhMg45pG6VqEwpQ3diCcDu7T_wEC/view?usp=share_link)
5. District-Level Community Health Updates
   - E. Anadu
6. Open Session for Public Comment on Adopted Agenda
7. PRESENTATION and PUBLIC Q&A:
   - [Heights & Hills](https://www.heightsandhills.org/) - 'Opportunities to Support Brooklyn's Older Adults'
   - Megan Nelson, Caregiver Program Director
8. New York State Liquor License Application Reviews
   - For Recommendation to the [New York State Liquor Authority](https://sla.ny.gov/)

## NEW APPLICATIONS / Full Liquor, Wine, Beer & Cider:

- ● [295 Front](https://goo.gl/maps/zikRAwNcgkZnXxZp8)
  - Cannonball LLC
- ● [85 Flatbush](https://g.page/TillaryHotelBrooklyn?share)
  - Real Hospitality Group

## ADMINISTRATIVE REVIEW:

- ● Renewals / Full Liquor, Wine, Beer & Cider:
  - ○ [54 Jay](https://goo.gl/maps/HaCAipucuc7y2bdz7)
    - Olympia Wine Bar
  - ○ [487 Atlantic](https://goo.gl/maps/ucLs9s6e87ZugSxU6)
    - EastVille Comedy Club
  - ○ [71 Lafayette](https://goo.gl/maps/6vw6b3RRDvMRKNmYA)
    - Fancy Free
  - ○ [590 Fulton](https://goo.gl/maps/tpZb93vo7hpRxFax8)
    - Peaches Prime @ Gotham Market
  - ○ [60 Furman](https://goo.gl/maps/wzKv1W2rb4W9W6DA9)
    - 1 Hotel ETC

- ● Renewals / Wine, Beer & Cider:
  - ○ [68 Willoughby](https://goo.gl/maps/8jZvwLaQp2WPwiTX9)
    - Bonchon
9. Chairperson's Report
10. Other Committee Business
11. Community Forum
12. Adjourn
   - B. Smith"	2023-01-04
agendas/2023_02_01_HESS_agenda.pdf	agenda_markdowns/2023_02_01_HESS_agenda.md	"## CITY OF NEW YORK Brooklyn Community Board No. 2

Lenue H. Singletary, III Chairperson

Eric L. Adams 110th Mayor of New York City

Antonio Reynoso 19th Borough President of Brooklyn

## MEETING NOTICE

**Committee:** Health, Environment & Social Services Committee

**Leadership:** Brandon Smith (Chair), Nicole McKnight (Vice Chair), Jessica Thurston (Secretary)

**Members:** Emily Anadu, Victor Andrews, Akosua Cobb, Monique Cumberbatch, Lindsay Einhorn, Jeffrey Ryan, Alejandro Varela

The next meeting of the committee will be held as follows:

**Date:** Wednesday, February 01, 2023

**Time:** 6:00 p.m.

**Location:** fully remote/online via [Zoom link](https://us06web.zoom.us/j/89372547871?pwd=ZzJwU0tnKzdzckhhQldxd2pQeGFMQT09)

## AGENDA

1. Welcome & Review of CB2 Meeting Protocols 
   - B. Smith

2. Roll Call & Introduction of Committee Members 
   - J. Thurston

3. Adoption of this Agenda

4. Adoption of Previous Minutes: [January 2023](https://drive.google.com/file/d/1I1jOdf5fBuTLC9vQ0I2FPdCFW3o7--fU/view?usp=share_link)

5. District-Level Community Health Updates 
   - E. Anadu

6. Open Session for Public Comment on Adopted Agenda

7. PRESENTATION and PUBLIC Q&A: [Unincarcerate America](https://www.unincarcerateamerica.org/)
   
   Provider Application submitted to [NY Office of Addiction Services & Supports (OASAS)](https://oasas.ny.gov/)  
   Keynell Deas, Vice President (UA)  
   Maliki Cottrell, Treasurer (UA)

8. Chairperson's Report 
   - B. Smith

9. Other Committee Business

10. Community Forum

11. Adjourn"	2023-02-01
agendas/2023_03_01_HESS_agenda.pdf	agenda_markdowns/2023_03_01_HESS_agenda.md	"## CITY OF NEW YORK Brooklyn Community Board No. 2

Eric L. Adams 110th Mayor of New York City

Lenue H. Singletary, III Chairperson

Antonio Reynoso 19th Borough President of Brooklyn

## MEETING NOTICE

Committee:  
**Health, Environment & Social Services Committee**

Leadership:  
Brandon Smith (Chair), Nicole McKnight (Vice Chair), Jessica Thurston (Secretary)  
Emily Anadu, Victor Andrews, Akosua Cobb, Monique Cumberbatch,  
Lindsay Einhorn, Jeffrey Ryan, Alejandro Varela

The next meeting of the committee will be held as follows:

Date:  
**Wednesday, March 01, 2023**

Time:  
6:00 p.m.

Location:  
fully remote/online via [Zoom link](https://zoom.us/j/96180385984?pwd=dDFrODhycFUzbC8rNTNWb1Nxd3ZLZz09)

## AGENDA

1. Welcome & Review of CB2 Meeting Protocols
   - B. Smith
2. Roll Call & Introduction of Committee Members
   - J. Thurston
3. Adoption of this Agenda
4. Adoption of Previous Minutes: [February 2023](https://drive.google.com/file/d/18ZchdwRkyN-KL1ev_dk1151N3C-Ve2Vs/view?usp=share_link)
5. District-Level Community Health Updates
   - E. Anadu
6. Open Session for Public Comment on Adopted Agenda Items
7. Presentation & Public Q&A: [New Directions Treatment Program](https://newdirectionsbrooklyn.com/)  
   Carol Morrison LCSW, CASAC Master Counselor (Director)  
   Maia Briggman (Coordinator of Community Outreach)
8. New York State Liquor License Application Reviews  
   *For Recommendation to the [New York State Liquor Authority](https://sla.ny.gov/)*
   - ● [11 Hoyt](https://goo.gl/maps/E3qumdSbCm1Zr3hd9)  
     Golfzon Social
   - ● [690 Fulton](https://goo.gl/maps/Fc2WhT3ZLWmvpg8a6)  
     Slutty Vegan, Inc.
   - ● [117 Adams](https://www.google.com/maps/place/117+Adams+St,+Brooklyn,+NY+11201/@40.7005529,-73.9904775,16z/data=!4m7!3m6!1s0x89c25a341f4739bf:0xfa09c6aae4d9922c!8m2!3d40.7005529!4d-73.9882888!15sCgkxMTcgQWRhbXOSARBnZW9jb2RlZF9hZGRyZXNz4AEA!16s%2Fg%2F11c1y911fn?coh=164777&entry=tt)  
     Wonder Beach
   - ● [479 Atlantic](https://goo.gl/maps/2hn3pzpPaBhTABmb9)  
     Haley's (Jack's Place)
9. Chairperson's Report
   - B. Smith
10. Other Committee Business
11. Community Forum
12. Adjourn"	2023-03-01
agendas/2023_04_05_HESS_agenda.pdf	agenda_markdowns/2023_04_05_HESS_agenda.md	"## CITY OF NEW YORK Brooklyn Community Board No. 2

Lenue H. Singletary, III Chairperson

Eric L. Adams 110th Mayor of New York City

Antonio Reynoso 19th Borough President of Brooklyn

## MEETING NOTICE

Committee:  Health, Environment & Social Services Committee

Leadership:  Brandon Smith (Chair), Nicole McKnight (Vice Chair), Jessica Thurston (Secretary)

Members: Emily Anadu, Victor Andrews, Akosua Cobb, Monique Cumberbatch, Lindsay Einhorn, Jeffrey Ryan, Alejandro Varela

The next meeting of the committee will be held as follows:

Date:  Wednesday, April 05, 2023

Time:  6:00 p.m.

Location:  fully remote/online via [Zoom link](https://zoom.us/j/92109784686?pwd=OHJBQmU2Y0Uwdm10bHBEUW9BVVd4UT09)

## AGENDA

1. Welcome & Review of CB2 Meeting Protocols - B. Smith
2. Roll Call & Introduction of Committee Members - J. Thurston
3. Adoption of this Agenda
4. Adoption of Previous Minutes: [March 2023](https://drive.google.com/file/d/16qmH24S7cD0PCjRB6pjMPuwQVWdoyKRT/view?usp=share_link)
5. District-Level Community Health Updates - E. Anadu
6. Open Session for Public Comment on Adopted Agenda
7. New York State Liquor License Application Reviews

   For Recommendation to the [New York State Liquor Authority](https://sla.ny.gov/)

   **Full Liquor, Wine, Beer & Cider:**

   - ● [117 Adams](https://www.google.com/maps/place/117+Adams+St,+Brooklyn,+NY+11201/@40.7005529,-73.9904775,16z/data=!4m7!3m6!1s0x89c25a341f4739bf:0xfa09c6aae4d9922c!8m2!3d40.7005529!4d-73.9882888!15sCgkxMTcgQWRhbXOSARBnZW9jb2RlZF9hZGRyZXNz4AEA!16s%2Fg%2F11c1y911fn?coh=164777&entry=tt) Ippudo NY, LLC
   - ● [690 Fulton](https://goo.gl/maps/Fc2WhT3ZLWmvpg8a6) Slutty Vegan, Inc.
   - ● [47 Hall](https://goo.gl/maps/9iYbvkUn6gFJ93PB9) Edward Dean DBA Brogans

   **Change In Method of Operation:**

   - ● [229 Livingston](https://goo.gl/maps/KW29AUoNiZAaUY6F7) Jennifer Bistro Inc

   **Wine, Beer & Cider:**

   - ● [143 Greene](https://goo.gl/maps) Chef Katsu Brooklyn
   - ● [44 Pearl](https://goo.gl/maps) Hudson Wilder

8. Chairperson's Report - B. Smith
9. Other Committee Business
10. Community Forum
11. Adjourn"	2023-04-05
agendas/2023_05_03_HESS_agenda.pdf	agenda_markdowns/2023_05_03_HESS_agenda.md	"## CITY OF NEW YORK Brooklyn Community Board No. 2

## Lenue H. Singletary, III Chairperson

Eric L. Adams 110th Mayor of New York City                                                Antonio Reynoso 19th Borough President of Brooklyn

## MEETING NOTICE

**Committee:** Health, Environment & Social Services Committee

**Leadership:** Brandon Smith (Chair), Nicole McKnight (Vice Chair), Jessica Thurston (Secretary) Emily Anadu, Victor Andrews, Akosua Cobb, Monique Cumberbatch, Lindsay Einhorn, Jeffrey Ryan, Alejandro Varela

**Members:**

The next meeting of the committee will be held as follows:

**Date:** Wednesday, May 03, 2023

**Time:** 6:00 p.m.

**Location:** fully remote/online via [Zoom link](https://zoom.us/j/95682842648?pwd=K1VLNGp3a2FtZGFXTFl0WXJVV3ZVQT09)

## AGENDA

1. Welcome & Review of CB2 Meeting Protocols
2. Roll Call & Introduction of Committee Members
3. Adoption of this Agenda
4. Adoption of Previous Minutes: [April 2023](https://drive.google.com/file/d/1Uo071rmnL2Z9t3k4bcA2Jr0ZXBZXKoAG/view?usp=share_link)
5. Public Comment on Adopted Agenda

## 6. New York State Liquor License Application Reviews

_For Recommendation to the [New York State Liquor Authority](https://sla.ny.gov/)_

**Full Liquor, Wine, Beer & Cider:**

- ● [63 Lafayette](https://goo.gl/maps/524MDJNodddBePkg9) - FG OD LLC

**Wine, Beer & Cider:**

- ● [284 Grand / 318 Lafayette](https://goo.gl/maps/e1GowCXLKUJj1RrD6) - Choice Market

**Beer & Cider:**

- ● [445 Albee Square West](https://goo.gl/maps/zABzNLXcTgjtncTb8) - Dekalb Pizzeria

7. **Discussion: FY25 Community District Needs & Budget Requests**

8. Chairperson's Report
9. Other Committee Business
10. Community Forum
11. Adjourn

B. Smith                                                         B. Smith

J. Thurston"	2023-05-03
agendas/2023_06_07_HESS_agenda.pdf	agenda_markdowns/2023_06_07_HESS_agenda.md	"## CITY OF NEW YORK Brooklyn Community Board No. 2

## Lenue H. Singletary, III Chairperson

<!-- image -->

Antonio Reynoso 19th Borough President of Brooklyn

<!-- image -->

## MEETING NOTICE

Committee:

Health, Environment & Social Services Committee

Leadership:

Brandon Smith (Chair), Nicole McKnight (Vice Chair), Jessica Thurston (Secretary)

Members:

Jannett Akent, Clara Alston, Emily Anadu, Akosua Cobb, Monique Cumberbatch, Jeffrey Ryan, Alejandro Varela

The next meeting of the committee will be held as follows:

Date:

Wednesday, June 07, 2023

Time:

6:00 p.m.

Location:

fully remote/online via [Zoom link](https://zoom.us/j/93462172277?pwd=WHh2RHhubGFYbERWSytuUEhpZ09aUT09)

## AGENDA

1. Welcome & Review of CB2 Meeting Protocols  
   B. Smith
2. Roll Call & Introduction of Committee Members  
   J. Thurston
3. Adoption of this Agenda
4. Adoption of Previous Minutes: [May 2023](https://drive.google.com/file/d/1ptXAbnlxmztuIymKxCYDrIIQVe7tN754/view?usp=share_link)
5. Public Comment on Adopted Agenda

## 6. PRESENTATION & PUBLIC Q&A:

[Acacia Network](https://acacianetwork.org/housing-services/) - Change of [DSS Provider](https://www.nyc.gov/site/dss/index.page) for [316 Atlantic](https://drive.google.com/file/d/19WPI5aF-Jxf0JNVR4sIKO_KZSoIhHagf/view?usp=share_link)

Alfredo Matthews, Senior Vice President (Acacia Network)

Jessica McGhee, Assistant Vice President (Acacia Network)

Stephanie Bennett, Program Coordinator (Acacia Network)

## 7. NEW YORK STATE LIQUOR LICENSE APPLICATION REVIEWS

For Recommendation to the [New York State Liquor Authority](https://sla.ny.gov/)

## Wine, Beer & Cider:

- a. [150 Smith](https://goo.gl/maps/vCNnUwbzB8mdcggb8) / La Rose

  [public documents](https://drive.google.com/file/d/1M0wWztaNdkdz41wbW1PmGeralFv1WwTq/view?usp=share_link)

- b. [82 Washington](https://goo.gl/maps/v137ygbU84NkBeoL9) / Le Petit Monstre

  NONE SUBMITTED

## Full Liquor, Wine, Beer & Cider:

- a. [385 Flatbush](https://goo.gl/maps/tMYiQRPp6tHA4Rng6) / Brooklyn Paramount Theater

  [public documents](https://drive.google.com/file/d/1EFe2pZqiranKzPQFqvrV2TQ3H-Eb6-Lh/view?usp=share_link)

- b. [455 Myrtle](https://goo.gl/maps/XL5ZiM63mPb31xXS7) / Venerdi Inc

  [public documents](https://drive.google.com/file/d/1JhgCyJEaIwwJYcG-M6tb2mMhyoDwSGL4/view?usp=share_link)

- c. [14 Jay](https://goo.gl/maps/xxXaVRqr668Gv4BC8) / Hawkward LLC

  [public documents](https://drive.google.com/file/d/1tIGiuMaiVXh-51ZvGpI-JAGRkkBbMNYK/view?usp=share_link)

- d. [860 Fulton](https://goo.gl/maps/m1mjwZt3S5T9GEp96) / Belli

  [public documents](https://drive.google.com/file/d/1A3VOn6bsGq8DZWQPB_H5DBG6Xgd80ukF/view?usp=share_link)

- e. [65 Jay](https://goo.gl/maps/x9X8aEgeX2YwnRHLA) / Junsui

  [public documents](https://drive.google.com/file/d/1lpYybfcSFYEx1VTxta1vEZTPHF0XQaZW/view?usp=share_link)

- f. [857 Atlantic](https://goo.gl/maps/AxAFbRHBiVGygZxq6) / Socialites Lounge

  [public documents](https://drive.google.com/file/d/1CDikTlvZ4eb5wD5VHK_67rcJfuuEYxRq/view?usp=share_link)

- g. [68 Jay](https://goo.gl/maps/v56ea1hJj7AsiUDZ6) / Love & Dough

  NONE SUBMITTED

- h. [11 Adams](https://goo.gl/maps/DAvsvnA7pBGRT6si9) / Kinjo

  NONE SUBMITTED

## [Expansion Onto Municipal Property (EMP):](https://sla.ny.gov/instructions-continued-and-new-use-municipal-property)

- a. [154 Carlton](https://goo.gl/maps/yreY1UNkXnGn98oe9) / Taqueria Fort Greene

  [public documents](https://drive.google.com/file/d/1J1S9cPhrz6CbWt_7rVUBfOuz8VlLIyOJ/view?usp=share_link)

- b. [181 Front](https://goo.gl/maps/e9U8hGcGoEKwrTfa8) / Beepublic

  NONE SUBMITTED

8. Chairperson's Report
9. Other Committee Business
10. Community Forum
11. Adjourn"	2023-06-07
agendas/2023_09_06_HESS_agenda.pdf	agenda_markdowns/2023_09_06_HESS_agenda.md	"## CITY OF NEW YORK Brooklyn Community Board No. 2

## Lenue H. Singletary, III Chairperson

---

## PUBLIC MEETING NOTICE

Committee: [Health, Environment & Social Services Committee](https://cbbrooklyn.cityofnewyork.us/cb2/all-committees/health-environment-social-services/)

Leadership: Brandon Smith (Chair), Nicole McKnight (Vice Chair), Jessica Thurston (Secretary)

Members: Jannett Akent, Clara Alston, Emily Anadu, Akosua Cobb, Monique Cumberbatch, Jeffrey Ryan, Alejandro Varela

The next meeting of the Committee will be held as follows:

## Wednesday, September 06, 2023 @ 6:00 PM

[350 Jay St, Brooklyn NY 11201](https://goo.gl/maps/gZtBrHLm2jvkKUU89) / 8th Floor Conference Room

## AGENDA

1. Welcome & Review of CB2 Meeting Protocols
   - B. Smith
2. Roll Call & Introduction of Committee Members
   - J. Thurston
3. Adoption of this Agenda   
4. Adoption of Previous Minutes: [June 2023](https://drive.google.com/file/d/1q4HCdb9vqvQ5zKgrRfU5j_WJj1QM9103/view?usp=drive_link)
5. PUBLIC REVIEW: NY State Cannabis Retail License Applications  

   For Recommendation to the [NY State Office of Cannabis Management (OCM)](https://cannabis.ny.gov/)
   
   a. [288 Flushing](https://goo.gl/maps/meCX8GYKPdTaKHit5)  
   [Puro Vita Enterprises Inc](https://drive.google.com/file/d/1mKoh9MQbKqUmNE417qXOC8Dt0nP3REyZ/view?usp=drive_link)  
   b. [154 Vanderbilt](https://goo.gl/maps/8zEhcAKMWkwEL7SD7)  
   [Are We Good Enterprises Inc](https://drive.google.com/file/d/1f4LBn-dY8V2CUiph75iojV6vl0MT8L5Z/view?usp=drive_link)  
   c. [436 Albee Sq W](https://goo.gl/maps/UnryY2H32sDDQ2Yy6)  
   [YMRM Dispensary LLC](https://drive.google.com/file/d/1r4cSnTSCTJjW1579DK8Mx8C7BbAiELjR/view?usp=drive_link)

6. PUBLIC REVIEW: NY State Liquor License Applications  

   For Recommendation to the [NY State Liquor Authority (SLA)](https://sla.ny.gov/)

|     | Location                                                  | Applicant                                                                                                    | Status   |
|-----|-----------------------------------------------------------|--------------------------------------------------------------------------------------------------------------|----------|
| a.  | [138 Montague](https://goo.gl/maps/K9PJQbCNFNvPvZ5R9)    | [Meg Hospitality](https://drive.google.com/file/d/1_4FaftDWW3buEKrJd2PAfITf__ylKC8l/view?usp=drive_link)     | B&C      |
| b.  | [138 Willoughby](https://goo.gl/maps/mAgqhayWagcSQCKk6)  | [DIG CityPoint](https://drive.google.com/file/d/1U-7O8xxRVxXNMEElsx_-bgTRh3Lu2EXw/view?usp=drive_link)       | WBC      |
| c.  | [310 Schermerhorn](https://goo.gl/maps/XejrbURWdzLvRtTf9)| [Wonder](https://drive.google.com/file/d/1u0aqliHYC44CWLeN75oZ02n8zwjKnW9H/view?usp=drive_link)             | WBC      |
| d.  | [257 Water](https://goo.gl/maps/1Bea5CqtAXLRRrx18)       | [Padel Haus](https://drive.google.com/file/d/1CH4vBz9KBQ-X39NYJ2eau-XLngW9iW88/view?usp=drive_link)          | WBC      |
| e.  | [75 Hoyt](https://goo.gl/maps/ow3Bu4L5hLd142G3A)         | [Cuban Shack](https://drive.google.com/file/d/18CsGrJrjPBBibi8vF0YV9VS8DPHJpHxG/view?usp=drive_link)         | WBC      |
| f.  | [747 Fulton](https://goo.gl/maps/V8QAgoLt2tgFBok9A)      | [Charoen Thong Group LLC](https://drive.google.com/file/d/1yMWdi8MopeBy0TBascTbyaXXznNZjF8p/view?usp=drive_link) | WBC      |
| g.  | [138 Smith](https://goo.gl/maps/vjZJ2nRzeH2NBGVt8)       | [Ruta Oaxaca](https://drive.google.com/file/d/1kcrN5a4oWbWhbXe_loFwQW_dCEMpltGf/view?usp=drive_link)         | LWBC     |
| h.  | [983 Fulton](https://goo.gl/maps/6i5C5PqknTJhCM4i8)      | [Casanara](https://drive.google.com/file/d/1kJAKmJd8Q2JjGYoeQkhFyFP_1T_j1vUj/view?usp=drive_link)            | LWBC     |
| i.  | [87 Lafayette](https://goo.gl/maps/yc2Db6Bq6rx7CpSC7)    | [Ikigai](https://drive.google.com/file/d/1YlSlEV1It1D4emv8vJ-KdNyuAxk65eR8/view?usp=drive_link)              | LWBC     |
| j.  | [55 Water](https://goo.gl/maps/qSwVsKG2iLqEjX819)        | [ABC Kitchen](https://drive.google.com/file/d/1AYS4xpQwuC10UUrPCjglu26wLKRipFBC/view?usp=drive_link)         | LWBC     |
| k.  | [723 Fulton](https://goo.gl/maps/Gt2oSkxcDKJmz5DXA)      | [Sukh Thai](https://drive.google.com/file/d/1mrsMwobDdu6kF-6V3baS_pWVDrcwv6x8/view?usp=drive_link)           | LWBC     |
| l.  | [499 Myrtle](https://goo.gl/maps/TvLRoMpDpXKQWycr9)      | [Casa Nono](https://drive.google.com/file/d/19ib1l5CfCHI3Hbhnfre89wt5d-ePxbBs/view?usp=drive_link)           | LWBC     |
| m.  | [503 Myrtle](https://goo.gl/maps/9Hsdmma1jL7aygz37)      | Somethin' on Myrtle                                                                                          | LWBC     |
| n.  | [181 Front](https://goo.gl/maps/e9U8hGcGoEKwrTfa8)       | [Beepublic](https://drive.google.com/file/d/13-2YBXOfNzx0TyWGc7b_8Z1MKs2QOJp3/view?usp=drive_link)           | OPS      |
| o.  | [9 Old Fulton](https://goo.gl/maps/XS3C91PezrCk6oUQ6)    | [Birbante](https://drive.google.com/file/d/181a5mzNhwhQKOj6BGomDD9Q26Iremyu3/view?usp=drive_link)            | CLASS    |
| p.  | [491 Atlantic](https://goo.gl/maps/xQad5ysbvKeU5nBU7)    | [El Zason](https://drive.google.com/file/d/1pEko3qWwLfOl92SPVP__9GyFNif30JVU/view?usp=drive_link)            | CLASS    |

## No District Questionnaire Submitted:

|     | Location                                                | Applicant                           | Status    |
|-----|---------------------------------------------------------|-------------------------------------|-----------|
| q.  | [177 Atlantic](https://goo.gl/maps/iMHSAFbsXqwaZfXi7)   | L and F Restaurant Group            | WBC - [partial](https://drive.google.com/file/d/13rg-kaJWzywKrWUKoGmteu6XLITXmWX2/view?usp=drive_link) |
| r.  | [306 Gold](https://goo.gl/maps/3RAQhNtdYLaBXm5m7)       | Moon Wok, Inc.                      | WBC       |
| s.  | [210 Livingston](https://goo.gl/maps/tpJZaC1sxPa8Ev9n7) | River Wilde LLC                     | LWBC      |

## Applications Withdrawn; No Review:

- t. 121 Bridge Pk Dr
  Pier 6 Cafe Inc
  Transfer
- u. 147 Smith
  Bergen Smith Bottle Shop
- v. 625 Atlantic
  Buds 2 Roses Cafe  

7. PUBLIC REVIEW: [Proposal for Two SLA Application Review Automations](https://drive.google.com/file/d/1JJBF08Rwli-kfVJOgUaz0H_AkXh0J3gq/view?usp=drive_link)

   For Recommendation to the Full Board

8. Chairperson's Report
9. Other Committee Business
10. Community Forum
11. Adjourn

B. Smith
"	2023-09-06
agendas/2023_10_04_HESS_agenda.pdf	agenda_markdowns/2023_10_04_HESS_agenda.md	"## CITY OF NEW YORK Brooklyn Community Board No. 2

Lenue H. Singletary; III Chairperson

<!-- image -->

Antonio Reynoso 19th Borough President of Brooklyn

<!-- image -->

## PUBLIC MEETING NOTICE

## [Health, Environment & Social Services Committee](https://cbbrooklyn.cityofnewyork.us/cb2/all-committees/health-environment-social-services/)

Leadership:

Brandon Smith (Chair), Nicole McKnight (Vice Chair), Jessica Thurston (Secretary)

Members:

Jannett Akent, Clara Alston, Emily Anadu, Akosua Cobb,

Monique Cumberbatch, Jeffrey Ryan, Alejandro Varela

The next meeting of the Committee will be held as follows:

## Wednesday, October 04, 2023 @ 6:00 PM

350 Jay St, Brooklyn NY 11201 / 8th Floor Conference Room

## AGENDA

1. Welcome & Review of CB2 Meeting Protocols
   - B. Smith
2. Roll Call & Introduction of Committee Members 
   - J. Thurston
3. Adoption of this Agenda
4. Adoption of Previous Minutes: [September 2023](https://drive.google.com/file/d/1QJ6IFSwQH7ziCIcUw9tXvgt7V3ujPys-/view?usp=drive_link)
5. PRESENTATION and PUBLIC Q&A: [RETI Center - Local Power](https://drive.google.com/file/d/15Q_FUm3Ph7vIs6WaCdt34yCZoRCf2KuO/view?usp=drive_link)

   Haym Gross, Founding Member (NYC 2030 District)

6. PUBLIC REVIEW: NY State Cannabis Retail License Applications

   For Review & Comment to the [NY State Office of Cannabis Management (OCM)](https://cannabis.ny.gov/)

   a. [332 Myrtle](https://maps.app.goo.gl/Y1YosJQN4r9zkAkC7)  
   DLD DH, Inc. (DBA Devil's Harvest)

7. PUBLIC REVIEW: NY State Liquor License Applications

   For Review & Recommendation to the [NY State Liquor Authority (SLA)](https://sla.ny.gov/)

   a. [68 Jay](https://goo.gl/maps/1Wem4tG34purugyM9)  
   [Love & Dough](https://drive.google.com/file/d/1huFe0GCnmI2XR4gStYBZFQXDcANtRNNN/view?usp=drive_link)

   Recommended for [Automatic Stipulations](https://drive.google.com/file/d/15XWtYOE42A_s5c_Sps8HtFyCADqzc1z_/view?usp=drive_link)

   b. [229 Dekalb](https://goo.gl/maps/rNq1RXsV71BAHLKu6)  
   Joy Hospitality  
   [No Questionnaire Submitted](https://cbbrooklyn.cityofnewyork.us/cb2/applicants/state-liquor-licenses/)

   c. [45 Willoughby](https://goo.gl/maps/9r6byAHqM3v4MqbJ8)  
   Rhodora Wine Bar  
   [No Questionnaire Submitted](https://cbbrooklyn.cityofnewyork.us/cb2/applicants/state-liquor-licenses/)

   [Automatic Waiver](https://drive.google.com/file/d/15XWtYOE42A_s5c_Sps8HtFyCADqzc1z_/view?usp=drive_link) Issued by District Office

   d. [141 Flushing](https://goo.gl/maps/Dunroi5S2Z8kmeLf8)
   
   [Rustik Tavern](https://drive.google.com/file/d/1o_CGVX6EMG92RIjDE26V1dk8QMmFiUP-/view?usp=drive_link)  
   Umbrella Operator: BNY

   e. [63 Flushing](https://goo.gl/maps/Mx99a2e48qmAhzLT8)  
   HNY Ferry II LLC  
   Umbrella Operator: BNY

   f. [139 Flatbush](https://maps.app.goo.gl/vMJ5Esb1K5p6J2jk7)  
   Applebee's  
   Umbrella Operator: Atlantic Terminal

8. Chairperson's Report
   - B. Smith
9. Other Committee Business
10. Community Forum
11. Adjourn"	2023-10-04
agendas/2023_11_01_HESS_agenda.pdf	agenda_markdowns/2023_11_01_HESS_agenda.md	"## CITY OF NEW YORK Brooklyn Community Board No. 2

Lenue H. Singletary, III Chairperson

Eric L. Adams 110th Mayor of New York City Antonio Reynoso 19th Borough President of Brooklyn

## PUBLIC MEETING NOTICE

## [Health, Environment & Social Services Committee](https://cbbrooklyn.cityofnewyork.us/cb2/all-committees/health-environment-social-services/)

Leadership:

Brandon Smith (Chair), Nicole McKnight (Vice Chair), Jessica Thurston (Secretary)

Members:

Jannett Akent, Clara Alston, Emily Anadu, Akosua Cobb,

Monique Cumberbatch, Jeffrey Ryan, Alejandro Varela

The next meeting of the Committee will be held as follows:

## Wednesday, November 01, 2023 @ 6:00 PM

350 Jay St, Brooklyn NY 11201 / 8th Floor Conference Room

## AGENDA

1. Welcome & Review of CB2 Meeting Protocols B. Smith
2. Roll Call & Introduction of Committee Members J. Thurston
3. Adoption of this Agenda
4. Adoption of Previous Minutes: [October 2023](https://drive.google.com/file/d/10BbiLDHQUVYtrY2YdeRtkce1QVvMkVGa/view?usp=drive_link)
5. PRESENTATION and PUBLIC Q&A: Healthy Start Brooklyn (HSB) [slides](https://drive.google.com/file/d/1ez-pmaiAM9Ah6P5brTDKa7ZODuQu0n7x/view?usp=drive_link)
   
Informational; no Board Action required

Selena Brazley, LMSW, Behavioral & Mental Health Coordinator (NYC DOHMH / HSB)

## 6. PUBLIC REVIEW: NY State Liquor License Applications

For Review & Recommendation to the [NY State Liquor Authority (SLA)](https://sla.ny.gov/)

a. [25 Columbia Hts](https://maps.app.goo.gl/Lrji2bQTLrn8XaKJ6)

[City Vineyard LLC](https://drive.google.com/file/d/1yqHhrTjpVwrnqwaARYnezcZBblJ__OBP/view?usp=drive_link)

Recommended for [Automatic Stipulations](https://drive.google.com/file/d/15XWtYOE42A_s5c_Sps8HtFyCADqzc1z_/view?usp=drive_link)

b. [222-226 Greene Ave](https://maps.app.goo.gl/6TVh2weV8FjbAPRN7) Taylormade

No Response to Outreach

[Automatic Waiver](https://drive.google.com/file/d/15XWtYOE42A_s5c_Sps8HtFyCADqzc1z_/view?usp=drive_link) Issued by District Office

c. [1013 Fulton](https://maps.app.goo.gl/nzBqYMgKRTn1GL2V9)

[Maya Congee](https://drive.google.com/file/d/1b2He2SDB8XEqjuzgh2EgJjKvA9zeSwWs/view?usp=drive_link)

Early Closure; 10pm Daily

## 7. PUBLIC REVIEW: NY State Cannabis Retail License Applications

For Review & Comment to the [NY State Office of Cannabis Management (OCM)](https://cannabis.ny.gov/)

a. [118-122 Flatbush](https://maps.app.goo.gl/pTYHXLq4RcpPwcAC6)

GMDSS LLC. ('The Travel Agency')

b. [453 Fulton](https://maps.app.goo.gl/kXsqKoy6fX7ENoQ76)

[Ramon Reyes LLC](https://drive.google.com/file/d/1IsbJlT3h8DocKLtx5A2pH-9nRyJYvUXO/view?usp=drive_link)

c. [292 Atlantic](https://maps.app.goo.gl/LYMQBPmFyjvz5zg18)

[Astro Management](https://drive.google.com/file/d/1prkV1EiFCyLLTWcWD4J1fA6UIK0ec7Jo/view?usp=drive_link)

d. [530 Fulton](https://maps.app.goo.gl/3Ce6tyWPqk9WPk7g6)

[Cassandra Taylor](https://drive.google.com/file/d/1gsa1Vsg1-g3GSaKNrAXLU2yyfwBzcYqh/view?usp=drive_link)

e. [48 Pearl](https://maps.app.goo.gl/epJYy8SRtk3o4XSm9)

[Plantbase](https://drive.google.com/file/d/1lzV4IipcYFTHdlCZiCav1tEIu5bvn_kM/view?usp=drive_link)

f. [68 Jay (147 Front)](https://maps.app.goo.gl/422VxTkoMnUcZZWj6)

The Brooklyn Bazaar No Response to Outreach

g. [961 Fulton](https://maps.app.goo.gl/yjmi3xYFPCApEySB9)

The Brooklyn Bazaar No Response to Outreach

h. [229 Dekalb](https://maps.app.goo.gl/DAqtKnH4rbi5STp66)

SoulMate No Response to Outreach

i. [340 Park](https://maps.app.goo.gl/qvfnXwDHNWkXtshq9)

Weed Nerds LLC No Response to Outreach

j. [314 Livingston](https://maps.app.goo.gl/7YA9ZUHXn78x3LfM8)

Hop Stock & Barrel IV No Response to Outreach

k. [144 Smith](https://maps.app.goo.gl/2nPfLiHhXfe1aN8K9)

Mane Man No Response to Outreach

8. Chairperson's Report B. Smith
9. Other Committee Business
10. Community Forum
11. Adjourn"	2023-11-01
agendas/2023_12_06_HESS_agenda.pdf	agenda_markdowns/2023_12_06_HESS_agenda.md	"## CITY OF NEW YORK Brooklyn Community Board No. 2

## Lenue H. Singletary; III Chairperson

Antonio Reynoso 19th Borough President of Brooklyn

<!-- image -->

## PUBLIC MEETING NOTICE

## [Health, Environment & Social Services Committee](https://cbbrooklyn.cityofnewyork.us/cb2/all-committees/health-environment-social-services/)

Leadership:  
Brandon Smith (Chair), Nicole McKnight (Vice Chair),  
Jessica Thurston (Secretary), Emily Anadu (Secretary Pro Tempore)

Members:  
Jannett Akent, Clara Alston, Akosua Cobb, Monique Cumberbatch,  
Jeffrey Ryan, Alejandro Varela

The next meeting of the Committee will be held as follows:

## Wednesday, December 06, 2023 @ 6:00 PM

[350 Jay St, Brooklyn NY 11201](https://goo.gl/maps/gZtBrHLm2jvkKUU89) / 8th Floor Conference Room

## AGENDA

1. Welcome & Review of CB2 Meeting Protocols  
   - B. Smith
2. Roll Call & Introduction of Committee Members  
   - J. Thurston
3. Adoption of this Agenda
4. Adoption of Previous Minutes: [November 2023](https://drive.google.com/file/d/1f-imRTMM_zafEd38cXlbSyaOPVDFEjud/view?usp=drive_link)
5. PUBLIC PRESENTATION and Q&A: [Westhab](https://www.westhab.org/) - [62 Hanson](https://maps.app.goo.gl/x2NTDv4Zai6anyKb8) / [updates](https://drive.google.com/file/d/1Ss69ToVcua_Ct1Lf_miAXrRK_n5ccgrh/view?usp=drive_link)

Informational; no Board Action requested  
Valerie Smith, Vice President NYC Shelters (Westhab)  
Gilbert Soto, Assistant Vice President NYC Shelter Programs (Westhab)

<!-- image -->

## 6. PUBLIC REVIEW: NY State Cannabis Retail License Applications

For Comment to the [NY State Office of Cannabis Management (OCM)](https://cannabis.ny.gov/)

Applicants without a linked file did not submit the [District OCM Questionnaire](https://cbbrooklyn.cityofnewyork.us/cb2/applicants/state-cannabis-licenses/).

| a.   | [314 Livingston](https://maps.app.goo.gl/KT8TurtGH4Rh4r7c7)    | DTV Enterprises       | [submitted details](https://drive.google.com/file/d/1TDKjBUzqesqDfWhwN4SgzZr-hLNqsywP/view?usp=drive_link)    |
|------|-------------------|-----------------------|----------------------|
| b.   | [44 Court](https://maps.app.goo.gl/bEZjoBV772YStbez7)          | Cannabist             | [submitted details](https://drive.google.com/file/d/1qSHtgDUb4eJtFIhW9pv6qE4tp8LwYrB8/view?usp=drive_link)    |
| c.   | [374 Atlantic](https://maps.app.goo.gl/pv78imwN6RRgtn358)      | Green World 374       | [submitted details](https://drive.google.com/file/d/1SNOySDp9TxMkOHdYIKArNuwxtBPvbHqs/view?usp=drive_link)    |
| d.   | [473 Myrtle](https://maps.app.goo.gl/MVpdbSRx6mnzojLY7)        | Kings County Catalyst | no details submitted |
| e.   | [530 Fulton](https://maps.app.goo.gl/3Ce6tyWPqk9WPk7g6)        | R and R Remedies      | no details submitted |
| f.   | (also) [530 Fulton](https://maps.app.goo.gl/3Ce6tyWPqk9WPk7g6) | The Higher Path       | no details submitted |
| g.   | [65 Jay](https://maps.app.goo.gl/yzF9CWL4bra7me2a7)            | Picasso Labs          | no details submitted |
| h.   | [541 Myrtle](https://maps.app.goo.gl/rLSwKffg7nqgVBHw6)        | Zenbud                | no details submitted |
| i.   | [946 Fulton](https://maps.app.goo.gl/cpW7M2wUAADR49ex6)        | Xander Legacy         | no details submitted |
| j.   | [339 Atlantic](https://maps.app.goo.gl/VFEinU5f5jm92cRv9)      | Hop Stock & Barrel IV | no details submitted |

## 7. PUBLIC REVIEW: NY State Liquor License Applications

## For Recommendation to the [NY State Liquor Authority (SLA)](https://sla.ny.gov/)

The following reviews are for NEW licenses. For RENEWAL notices, [click here](#).

- a. [368 Atlantic](https://maps.app.goo.gl/taYYJ5jG89Agr8zX6)  
  Deity II  
  [Alteration: Expansion](https://drive.google.com/file/d/1zpDdWab5NVk67qi1YdFN1efl-84vrjIC/view?usp=drive_link)

- b. [148 Montague](https://maps.app.goo.gl/hJkFDGfdY3uSVHug7)  
  Lady Wortley LLC  
  [WBC application](https://drive.google.com/file/d/1SEcul60RCuU2mCOabaDR-9HoFQ7iR1CQ/view?usp=drive_link)

- c. [28 Jay](https://maps.app.goo.gl/xgcfSiM6nDRbzntUA)  
  20 Jay St Wine  
  [WBC - incomplete app](https://drive.google.com/file/d/1s1cyYC_X9yw02PHCQzt0jt8rPQOoMDMn/view?usp=drive_link)

No details submitted - [Automatic Stipulations](https://drive.google.com/file/d/15XWtYOE42A_s5c_Sps8HtFyCADqzc1z_/view?usp=drive_link) issued by the District Office

| d.   | [110 Smith](https://maps.app.goo.gl/U3Q5g6frbBGM2sAQ6)         | Tipsy Grape        | CLASS - no details rec'd    |
|------|------------------|--------------------|-----------------------------|
| e.   | [85 Flatbush](https://maps.app.goo.gl/YMahANWP1yVTRLfD7)       | Hersha Hospitality | LWBC - no details submitted |
| f.   | [11 Water](https://maps.app.goo.gl/mCQEYEYxaUc7Wxd17)          | Levy Premium       | LWBC - no details submitted |
| g.   | [88 Livingston](https://maps.app.goo.gl/XrjL36EeJwnMv53R8)     | Vegan Fresh Fusion | WBC - no details submitted  |
| h.   | [884 Fulton](https://maps.app.goo.gl/DNf14MUNM6wof3bD6)        | Waytogo            | WBC - no details submitted  |
| i.   | [140 Schermerhorn](https://maps.app.goo.gl/oyFfzsBoMkADEcwQ8)  | Hersha Hospitality | (withdrawn)                |

8. Chairperson's Report  
9. Other Committee Business  
10. Community Forum  
11. Adjourn"	2023-12-06
agendas/2024_01_03_HESS_agenda.pdf	agenda_markdowns/2024_01_03_HESS_agenda.md	"<!-- image -->

## CITY OF NEW YORK Brooklyn Community Board No. 2

Lenue H. Singletary, III Chairperson

<!-- image -->

Antonio Reynoso 19th Borough President of Brooklyn

## PUBLIC MEETING NOTICE

## [Health, Environment & Social Services Committee](https://cbbrooklyn.cityofnewyork.us/cb2/all-committees/health-environment-social-services/)

Leadership:  
Brandon Smith (Chair), Nicole McKnight (Vice Chair), Jessica Thurston (Secretary), Emily Anadu (Secretary Pro Tempore)

Members:  
Jannett Akent, Clara Alston, Akosua Cobb, Monique Cumberbatch, Jeffrey Ryan, Alejandro Varela

The next meeting of the Committee will be held as follows:

## Wednesday, January 03, 2024 @ 6:00 PM

[350 Jay St, Brooklyn NY 11201](https://maps.app.goo.gl/Szz6LoawAPKtspe96) / 8th Floor Conference Room

## AGENDA

1. Welcome & Review of CB2 Meeting Protocols
   - B. Smith
2. Roll Call & Introduction of Committee Members
   - E. Anadu
3. Adoption of this Agenda
4. Adoption of Previous Minutes: [December 2023](https://drive.google.com/file/d/1v9LTCou2_JWZ8XXRiQ_vXAjuH9MO3ozL/view?usp=drive_link)
5. PRESENTATION and PUBLIC Q&A: [WTC Youth Research Cohort - presentation](https://drive.google.com/file/d/1aW9Em5uU7ZId06n0VJxNdekb0wvixcv9/view?usp=drive_link)
   - Informational; Committee Recommendation for Board Action welcome
   - Kimberly Flynn, Chair (WTC Health Program Survivors Steering Committee)
6. PUBLIC REVIEW: NY State Cannabis Retail License Applications
   - For Review & Comment to the [NY State Office of Cannabis Management (OCM)](https://cannabis.ny.gov/)
   - Applicants without a linked file have not submitted the [District OCM Questionnaire](https://cbbrooklyn.cityofnewyork.us/cb2/applicants/state-cannabis-licenses/).
   - a. [946 Fulton](https://maps.app.goo.gl/Szz6LoawAPKtspe96) - Xander Legacy - [application details](https://drive.google.com/file/d/1JSmt8lR1E4xN4_qdwAmt_pzMPx6VXkKP/view?usp=drive_link)
   - b. [137 Court](https://maps.app.goo.gl/zUcwibwD1J31X7cD6) - Buzzy NY, LLC - [application details](https://drive.google.com/file/d/1eq2vKed8arLdt9E7RSBIlD9ZIOp4hVYf/view?usp=drive_link)
7. Chairperson's Report
   - B. Smith
8. Other Committee Business
9. Community Forum
10. Adjourn"	2024-01-03
agendas/2024_02_07_HESS_agenda.pdf	agenda_markdowns/2024_02_07_HESS_agenda.md	"## CITY OF NEW YORK Brooklyn Community Board No. 2

Lenue H. Singletary, III Chairperson

<!-- image -->

19th Borough President of Brooklyn

<!-- image -->

## PUBLIC MEETING NOTICE

## [Health, Environment & Social Services Committee](https://cbbrooklyn.cityofnewyork.us/cb2/all-committees/health-environment-social-services/)

Leadership:  
Brandon Smith (Chair), Nicole McKnight (Vice Chair),  
Jessica Thurston (Secretary), Emily Anadu (Secretary Pro Tempore)

Members:  
Jannett Akent, Clara Alston, Akosua Cobb, Monique Cumberbatch, Jeffrey Ryan, Alejandro Varela

The next meeting of the Committee will be held as follows:

Wednesday, February 07, 2024 @ 6:00 PM

[350 Jay St, Brooklyn NY 11201](https://goo.gl/maps/gZtBrHLm2jvkKUU89) / 8th Floor Conference Room

## AGENDA

1. Welcome & Review of CB2 Meeting Protocols
2. Roll Call & Introductions
3. Adoption of this Agenda
4. Adoption of the [January 2024 Minutes](https://drive.google.com/file/d/1EBKUwGGSUUT76xf_DEwmrF9iFfWWpWHB/view?usp=drive_link)

5. **PRESENTATION and PUBLIC Q&A:**  
[NY State of Health 2024 Open Enrollment](https://drive.google.com/file/d/15xu-gpdjhqGH49OHjxPsPgm03tPg1QDe/view?usp=drive_link)

Informational; no Board Action requested

Stana Nakhle, NYC Director of Outreach (New York State Dept. of Health)

NY State of Health is where over 6.7 million New Yorkers shop for, compare, and enroll in health insurance coverage. Some plans are free and many New Yorkers (including those with higher incomes who did not qualify before) are eligible for financial assistance and extended federal tax credits. The open enrollment period for 2024 is now open.

B. Smith

E. Anadu

6. **PRESENTATION and PUBLIC Q&A:**  
NYC Health & Hospitals - [Updates on Hall Street HERRC Shelter](https://drive.google.com/file/d/1hjd7YMGjYeLGq8gewxRn7AU4vRhZLs-h/view?usp=drive_link)

Informational; no Board Action requested

Laura Atlas, Senior Director of External Affairs (NYC Health & Hospitals)

Last summer, the 600-capacity [emergency respite site on Hall Street was](https://www.nyc.gov/office-of-the-mayor/news/495-23/mayor-adams-placement-two-new-humanitarian-emergency-response-relief-centers) [expanded](https://www.nyc.gov/office-of-the-mayor/news/495-23/mayor-adams-placement-two-new-humanitarian-emergency-response-relief-centers) with an additional 1,400-capacity Humanitarian Emergency Response and Relief Center (HERRC) to support adult asylum seekers with a range of services. Leadership from NYC Health & Hospitals will provide updates.

7. **PUBLIC REVIEW and COMMITTEE ACTIONS:**  
[NY State Liquor License Applications](https://cbbrooklyn.cityofnewyork.us/cb2/applicants/state-liquor-licenses/)

For Recommendation to the [NY State Liquor Authority (SLA)](https://sla.ny.gov/)
   
- a. [240 Dekalb](https://maps.app.goo.gl/t3GcVEWN54qdmC8Q6)
  Fly Private Social
  [LWBC application](https://drive.google.com/file/d/1LBHfD9rnB8qqzB67zJvYj-RVGao9nEXb/view?usp=drive_link)

- b. [50 Henry](https://maps.app.goo.gl/yV3CyydQDb36hp5x5)
  50 Slices LLC
  [LWBC application](https://drive.google.com/file/d/1Ec1yvGr-HaAIRs0xjcAqBYe5qOpCgcWb/view?usp=drive_link)

- c. [33 Lafayette](https://maps.app.goo.gl/fTqGbFCYxgEjutX4A)
  Le Baba Cool, Inc
  [LWBC application](https://drive.google.com/file/d/1sVsGAEL5pgbzjXr20a7tUimegkgi76eE/view?usp=drive_link)

- d. [28 Jay](https://maps.app.goo.gl/1cDW4vPUyafBr7hV8)
  20 Jay St Wine
  [WBC application](https://drive.google.com/file/d/1OfivLz_kBrxkyDLfBOUDZR5RLXojsYbh/view?usp=drive_link)

- e. [18 Putnam](https://maps.app.goo.gl/H9M5ryCdb6uRjEBj8)
  SMOR
  [WBC application](https://drive.google.com/file/d/1oLfaVaVIY0ijlE58kPSDqYOBt7qxFjK1/view?usp=drive_link)

- f. [763 Fulton](https://maps.app.goo.gl/t4fauosYrgQFuW4b6)
  Buka
  [WBC application](https://drive.google.com/file/d/178qw5TXjQIP_pbWvLV9Hwosu6KhGOtcW/view?usp=drive_link)

No details submitted; Automatic Stipulations to be issued by District Office

- g. [128 Montague](https://maps.app.goo.gl/CrmcuHzwNnPzKwAd6)
  Khaosan
  CORP CHANGE - no details filed

Requirements met for an Automatic Waiver to be issued by District Office

- h. [141 Bridge Park Dr](https://drive.google.com/file/d/1BWUzr5KMIZY5tqXV1Pgzz7eLhawodx0a/view?usp=drive_link)  
  Kiwami NYC Inc  
  [WBC/Early Closure/No Residents]

8. Chairperson's Report
9. Other Committee Business
10. Community Forum
11. Adjourn"	2024-02-07
agendas/2024_03_06_HESS_agenda.pdf	agenda_markdowns/2024_03_06_HESS_agenda.md	"## CITY OF NEW YORK Brooklyn Community Board No. 2

Lenue H. Singletary, III Chairperson

<!-- image -->

Antonio Reynoso 19th Borough President of Brooklyn

<!-- image -->

## PUBLIC MEETING NOTICE

## [Health, Environment & Social Services Committee](https://cbbrooklyn.cityofnewyork.us/cb2/all-committees/health-environment-social-services/)

Leadership:  
Brandon Smith (Chair), Nicole McKnight (Vice Chair),  
Jessica Thurston (Secretary), Emily Anadu (Secretary Pro Tempore)

Members:  
Jannett Akent, Clara Alston, Akosua Cobb, Monique Cumberbatch, Jeffrey Ryan, Alejandro Varela

The next meeting of the Committee will be held as follows:

Wednesday, March 06, 2024 @ 6:00 PM

## [350 Jay St, Brooklyn NY 11201](https://goo.gl/maps/gZtBrHLm2jvkKUU89) / 8th Floor Conference Room

## AGENDA

1. Welcome & Review of BKCB2 Meeting Protocols	B. Smith
2. Roll Call & Introduction of Committee Members
3. Adoption of the Agenda
4. Adoption of the [Feb 2024 Minutes](https://drive.google.com/file/d/1EFfEd5WCd40Ea7bRYxokhGjkij9joXLN/view?usp=drive_link)

## 5. PRESENTATION and PUBLIC Q&A:

[Office of Nightlife (ONL) at NYC Dept of Small Business Services (SBS)](https://www.nyc.gov/site/sbs/businesses/nightlife.page)

Informational; no Board Action requested

Jeffrey Garcia, Executive Director (Office of Nightlife @ NYC SBS)

The [Office of Nightlife (ONL)](https://www.nyc.gov/site/sbs/businesses/nightlife.page) at the NYC Dept of Small Business Services (SBS) serves as a central point of contact among the nightlife industry, community, and city agencies, and as a resource for all New Yorkers. ONL's new Executive Director will share an overview of their programs including a new joint policy initiative with the NYPD called [Coordinating a United Response with Establishments (CURE)](https://www.nyc.gov/office-of-the-mayor/news/995-23/mayor-adams-launches-effort-enhance-nightlife-safety-strengthen-small-businesses-phasing#/0), which engages venues to help resolve quality of life issues and complaints.

## 6. PUBLIC REVIEW and COMMITTEE ACTION:

[NY State Adult Use Retail Dispensary Application](https://cbbrooklyn.cityofnewyork.us/cb2/applicants/state-cannabis-licenses/)

For Recommendation to the [NY State Office of Cannabis Management](https://cannabis.ny.gov/)

[436 Albee Sq West](https://maps.app.goo.gl/j6B5o1hgJfmQLegH6)

Society House

[CAURD-Provisional application](https://drive.google.com/file/d/14e_bRM2mZ-gBSiN0TH5n0RJfkjIXFKc_/view?usp=drive_link)

## 7. PUBLIC REVIEW and COMMITTEE ACTIONS:

[NY State Liquor License Applications](https://cbbrooklyn.cityofnewyork.us/cb2/applicants/state-liquor-licenses/)

For Recommendation to the [NY State Liquor Authority (SLA)](https://sla.ny.gov/)

- a. [110 Smith](https://maps.app.goo.gl/U3Q5g6frbBGM2sAQ6)

Tipsy Grape

[Class Change application](https://drive.google.com/file/d/1bqsYV8V2KYGTsvXzUqzopGWpOcr256Pb/view?usp=drive_link)

- b. [148 Montague](https://maps.app.goo.gl/hJkFDGfdY3uSVHug7)

Lady Wortley LLC

[LWBC application](https://drive.google.com/file/d/1Xj_cSM6FRw28t8F7Yx4tD0pXRYkxGsts/view?usp=drive_link)

## Requirements met for an Automatic Waiver issued by the District Office

- c. [142 Montague](https://maps.app.goo.gl/cDZ5fu8hwipAca4j9)

Donburi Lab

[WBC / Early Closure](https://drive.google.com/file/d/1JFFgpo7suzpoda0ty7dD6bz3-Co9tNam/view?usp=drive_link)

- d. [445 Gold](https://maps.app.goo.gl/G4re1qmeouNf3Mo68)

Osteria Dekalb

[LWBC / Umbrella + Early Closure](https://drive.google.com/file/d/1thCkA1tIGJATlspvpXr5HEmy5A_WLHef/view?usp=drive_link)

8. Chairperson's Report
9. Other Committee Business
10. Community Forum
11. Adjourn"	2024-03-06
agendas/2024_04_03_HESS_agenda.pdf	agenda_markdowns/2024_04_03_HESS_agenda.md	"## CITY OF NEW YORK Brooklyn Community Board No. 2

## Lenue H. Singletary, III Chairperson

<!-- image -->

## PUBLIC MEETING NOTICE

## [Health, Environment & Social Services Committee](https://cbbrooklyn.cityofnewyork.us/cb2/all-committees/health-environment-social-services/)

Leadership:  Brandon Smith (Chair), Nicole McKnight (Vice Chair), Jessica Thurston (Secretary), Emily Anadu (Secretary Pro Tempore)

Members:  Jannett Akent, Clara Alston, Akosua Cobb, Monique Cumberbatch, Jeffrey Ryan, Alejandro Varela

The next meeting of the Committee will be held as follows:

## Wednesday, April 04, 2024 @ 6:00 PM

## [350 Jay St, Brooklyn NY 11201](https://goo.gl/maps/gZtBrHLm2jvkKUU89) / 8th Floor Conference Room

## AGENDA

1. Welcome & Review of BKCB2 Meeting Protocols
2. Roll Call & Introduction of Committee Members
3. Adoption of the Agenda
4. Adoption of the [Feb 2024 Minutes](https://drive.google.com/file/d/1EFfEd5WCd40Ea7bRYxokhGjkij9joXLN/view?usp=drive_link)

5. **PRESENTATION and PUBLIC Q&A:**
   
   [Brooklyn SWAB](https://www.nyc.gov) - Brooklyn Solid Waste Advisory Board
   
   Letter of Support requested

   Shari Rueckl, Outreach Committee Chair

   *The Solid Waste Advisory Boards (SWABs)* are volunteer advisory boards appointed by the Borough Presidents and include a diverse group of residents, advocates, and industry representatives. Created in 1989, the SWABs advise the Borough President and City Officials on solid waste issues such as recycling, reduction, resiliency, and environmental equity with a goal of achieving zero waste. The Brooklyn SWAB holds public meetings on the first Monday of every month.

6. **PUBLIC REVIEW and COMMITTEE ACTIONS:** [NY State Liquor License Applications](https://cbbrooklyn.cityofnewyork.us/cb2/applicants/state-liquor-licenses/)

   **For Recommendation to the [NY State Liquor Authority (SLA)](https://sla.ny.gov/)**

   a. [311 Henry](https://maps.app.goo.gl/kKSMru9GVdxTWM2j8) - Cafe Buon Gusto
      
      [WBC application](https://drive.google.com/file/d/1CkSu2k1cyUNwaPdfrj24_Hrr2kC_DrD_/view?usp=drive_link)

   b. [68 Jay #117](https://maps.app.goo.gl/QJJuTfWdoL9CNeFi9) - RA Theatre Corp
      
      [WBC application](https://drive.google.com/file/d/1GzgRTrRTB1UXNrxic4Yd8qWEqTsIVGFE/view?usp=drive_link)

      No details submitted; Automatic Stipulations issued by the District Office

   c. [222-226 Greene](https://maps.app.goo.gl/uLn8MGv9kCC4u7f39) - Taylormade

      LWBC - no details submitted

      Requirements met for an Automatic Waiver issued by the District Office

   d. [139 Flatbush](https://maps.app.goo.gl/NypcGCSMq4uTcRTj6) - Buffalo Wild Wings

      LWBC - Umbrella Operator

   e. [18 Sixth](https://maps.app.goo.gl/dZkVbH3c39dYU4xu5) - Life Time Fitness

      WBC - Umbrella Operator

7. Committee Chairperson's Report  
   B. Smith

8. Other Committee Business
9. Community Forum
10. Adjourn
"	2024-04-03
agendas/2024_05_01_HESS_agenda.pdf	agenda_markdowns/2024_05_01_HESS_agenda.md	"## CITY OF NEW YORK Brooklyn Community Board No. 2

Eric L. Adams 110th Mayor of New York City

Lenue H. Singletary, III Chairperson

Antonio Reynoso 19th Borough President of Brooklyn

## PUBLIC MEETING NOTICE

## [Health, Environment & Social Services Committee](https://cbbrooklyn.cityofnewyork.us/cb2/all-committees/health-environment-social-services/)

Leadership:

Brandon Smith (Chair), Nicole McKnight (Vice Chair),

Jessica Thurston (Secretary)

Members:

Jannett Akent, Emily Anadu, Akosua Cobb, Monique Cumberbatch,

Jeffrey Ryan, Alejandro Varela

The next meeting of the Committee will be held as follows:

Wednesday, May 01, 2024 @ 6:00 PM

[350 Jay St, Brooklyn NY 11201](https://goo.gl/maps/gZtBrHLm2jvkKUU89) / 8th Floor Conference Room

## AGENDA

1. Welcome & Review of BKCB2 Meeting Protocols
  
2. Roll Call & Introduction of Committee Members
  
3. Adoption of the Agenda
  
4. Adoption of the [April 2024 Minutes](https://drive.google.com/file/d/1lCPPtxibaAdcySif0OEFk2R-Qp27w_i5/view?usp=drive_link)

5. PRESENTATION and PUBLIC Q&A: [NYC Department for the Aging (DFTA)](https://www.nyc.gov/site/dfta/index.page)

Informational; no Board Action required

Ruth Codero, Director of NORC Programs (DFTA)

Naturally Occurring Retirement Communities (NORC) are a housing development or a building that over time have become home to many older adults. There are around 60 NORCs in NYC that have a social service provider that offers services to older residents. The Dept for the Aging funds 36 of them. Every NYC Aging-funded NORC provides services and activities that help residents stay engaged, healthy and active, to help them age in their home with family and friends.

B. Smith

6. PRESENTATION and PUBLIC Q&A: [NYC Dept of Sanitation (DSNY)](https://www.nyc.gov/site/dsny/)

Informational; no Board Action required

Speaker TBD

The NYC Department of Sanitation (DSNY) keeps NYC clean, safe, and healthy by collecting, recycling, and disposing of waste, cleaning streets, attacking the scourge of illegal dumping, and clearing snow and ice. DSNY collects 24 million pounds of trash, recycling, and compostable material every day.

7. PUBLIC REVIEW and COMMITTEE ACTIONS:

For Recommendation to the [NY State Liquor Authority (SLA)](https://sla.ny.gov/)

  a. [9 Old Fulton](https://maps.app.goo.gl/XYvti8) Siam Harbour Corp

  [LWBC application](https://drive.google.com/file/d/19E2mZS--_CvhvcQCh9wr5ufOiDesrgcg/view?usp=drive_link)

  b. [9 Old Fulton](https://maps.app.goo.gl/XYvti8) Siam Harbour Corp

  [WBC application](https://drive.google.com/file/d/19E2mZS--_CvhvcQCh9wr5ufOiDesrgcg/view?usp=drive_link)

  c. [360 Myrtle](https://maps.app.goo.gl/js67KbstJYaTkjDz6) Third Falcon

  [WBC application](https://drive.google.com/file/d/1cmiFJjuqQwGFnwp5adUmr85gnymTY3Ox/view?usp=drive_link)

## No details submitted; Automatic Stipulations recommended

  d. [757 Fulton](https://maps.app.goo.gl/6Ddtn3VYVc7q1zZW8)

  Habana Outpost

  LWBC -no details submitted

  e. [485 Myrtle](https://maps.app.goo.gl/25fJCxEZUk1KZPbn6)

  Waza Sushi & Ramen

  WBC -no details submitted

8. Committee Chairperson's Report

B. Smith

9. New Committee Business

10. Community Forum

11. Adjourn"	2024-05-01
agendas/2024_06_05_HESS_agenda.pdf	agenda_markdowns/2024_06_05_HESS_agenda.md	"<!-- image -->

## CITY OF NEW YORK Brooklyn Community Board No. 2

<!-- image -->

Eric L. Adams 110th Mayor of New York City

Lenue H. Singletary, III Chairperson

Antonio Reynoso 19th Borough President of Brooklyn

## PUBLIC MEETING NOTICE

## [Health, Environment & Social Services Committee](https://cbbrooklyn.cityofnewyork.us/cb2/all-committees/health-environment-social-services/)

Leadership:

Brandon Smith (Chair), Nicole McKnight (Vice Chair), Jessica Thurston (Secretary)

Members:

Jannett Akent, Emily Anadu, Akosua Cobb, Monique Cumberbatch, Jeffrey Ryan, Alejandro Varela

The next meeting of the Committee will be held as follows:

## Wednesday, June 05, 2024 @ 6:00 PM

350 Jay St, Brooklyn NY 11201 / 8th Floor Conference Room

## AGENDA

1. Welcome & Review of BKCB2 Meeting Protocols B. Smith
2. Roll Call & Introduction of Committee Members
3. Adoption of the Agenda
4. Adoption of the [May 2024 Minutes](https://drive.google.com/file/d/1IJkJ_VJdiRukyyf4Ax4Y8xl1DENQe3j_/view?usp=drive_link)
5. PUBLIC REVIEW and COMMITTEE ACTION:

   For Recommendation to the

   [NY State Office of Addiction Services & Supports (OASAS)](https://oasas.ny.gov/)

   START Treatment & Recovery Centers - [Application to Expand Services](https://drive.google.com/file/d/1ma-cCBn10WmBFm0qxJE2ikO3cqGK3dXP/view?usp=drive_link)

6. PUBLIC REVIEW and COMMITTEE ACTIONS:

   For Recommendation to the [NY State Liquor Authority (SLA)](https://sla.ny.gov/)

   - a. [757 Fulton](https://maps.app.goo.gl/6Ddtn3VYVc7q1zZW8) Habana Outpost [LWBC application](https://drive.google.com/file/d/1h943z2bOzjMlYRQKmg0rYwGENDDyzT8g/view?usp=drive_link)
   - b. [216 1/2 Greene](https://maps.app.goo.gl/i8CrvpaahNCwHL2a9) Golden Ratio [LWBC application](https://drive.google.com/file/d/1kOTanw5ReGAA3c3onCXVsDaFnRUUc8ZO/view?usp=drive_link)
   - c. [485 Myrtle](https://maps.app.goo.gl/25fJCxEZUk1KZPbn6) Waza Sushi & Ramen [WBC application](https://drive.google.com/file/d/1z6_-imlcrdfuYdsGXtWdgQYltnmwmMse/view?usp=drive_link)

   No details submitted; Automatic Stipulations recommended

   - d. 117 Adams El Gallo Taqueria WBC - no details submitted

7. PUBLIC DISCUSSION and Q&A: FY26 Community District Statement of Needs ('CD Needs')

Informational; no Board Action needed

Every Halloween, the [59 Community Boards of NYC](https://communityboards.nyc) submit a [Community District Needs ('CD Needs') Statement](https://communityneeds.nyc) identifying the current top funding priorities for their Community Districts. These statements are key to informing the City's local infrastructure planning, and the equitable and efficient delivery of services. City agencies are required to respond to each Community Board's requests in the January Preliminary City Budget.

In the month of June, the District Office offers each Committee a preview of the process and timeline, and leads a brainstorming exercise by Committee topic.

8. Committee Chairperson's Report B. Smith
9. New Committee Business
10. Community Forum
11. Adjourn"	2024-06-05
agendas/2024_09_04_HESS_agenda.pdf	agenda_markdowns/2024_09_04_HESS_agenda.md	"## PUBLIC MEETING NOTICE

## [Health, Environment & Social Services Committee](https://cbbrooklyn.cityofnewyork.us/cb2/all-committees/health-environment-social-services/)

Committee

Members:

Brandon Smith (Chair), Nicole McKnight (Vice Chair), Jessica Thurston (Secretary), Emily Anadu, Alvin Browne, Akosua Cobb, Monique Cumberbatch, Kyiesha Kelly,

Jeffrey Ryan, Alejandro Varela

The next meeting of the Committee will be held as follows:

## Wednesday, September 04 @ 6:00 PM

## [350 Jay St](https://goo.gl/maps/gZtBrHLm2jvkKUU89) / 8th Floor Conference Room

## AGENDA

1. Welcome & Review of BKCB2 Meeting Protocols
2. Roll Call & Introduction of Committee Members
3. Adoption of this Agenda
4. Adoption of the [June 2024 Minutes](https://drive.google.com/file/d/1_IgKbtjjKDy-V0G93vIDjO8IdPPR5Fn3/view?usp=drive_link)

5. PUBLIC REVIEW and COMMITTEE ACTION:
   
   For Recommendation to the [NYS Office of Addiction Services & Supports](https://oasas.ny.gov/)

   [101 Willoughby](https://maps.app.goo.gl/oQQjZfRBpEjkraW96)
   
   [Sands House](https://sands-house-inc.ueniweb.com/) [application](https://drive.google.com/file/d/1FMLkOqzxKaSFkfynhoMDKumh8OqycZwU/view?usp=drive_link)

6. PUBLIC REVIEW and COMMITTEE ACTIONS:

   For Recommendation to the [NYS Office of Cannabis Management (OCM)](https://cannabis.ny.gov/)

   - a. [530 Fulton](https://maps.app.goo.gl/to2v9JJru2egMgmW7)

     DTCHONE LLC

     [application](https://drive.google.com/file/d/1jLMtA7-5UFKlSTiAidYElx9EeWqoi2Ic/view?usp=drive_link)

   - b. [237 Dekalb](https://maps.app.goo.gl/yNnafbaN5nGEx46U6)

     Soulmate

     [application](https://drive.google.com/file/d/1DilgyTXdvePq9s9wQmYH2A9ewd5-tasc/view?usp=drive_link)

   - c. [68 Jay](https://maps.app.goo.gl/ndoAUizA3p98ETGt9)

     NYCannaMeds

     [partial application](https://drive.google.com/file/d/184F-JplHXwomnwHwYLi-J_zRV50XZyuU/view?usp=drive_link)

7. PUBLIC REVIEW and COMMITTEE ACTIONS:

   For Recommendation to the [NY State Liquor Authority (SLA)](https://sla.ny.gov/)

   - a. 18 Columbia Place

     Nako LLC

     [WBC application](https://drive.google.com/file/d/1BXE4KfPDzr_TNUI_eflOyo3mCXy_I-4s/view?usp=drive_link)

   - b. [210 Livingston](https://maps.app.goo.gl/C1bsJajYgrKXwuHB8)

     Yakiniku Hiro

     [LWBC application](https://drive.google.com/file/d/150BSKbEg6ZNbm2CS5dhUgIuAJVs-PzNY/view?usp=drive_link)

   - c. [499 Myrtle](https://www.google.com/maps/place/499+Myrtle+Ave,+Brooklyn,+NY+11205/@40.693703,-73.9677397,17z/data=!3m1!4b1!4m6!3m5!1s0x89c25bc0ac4e755b:0x933ecd8d99022e99!8m2!3d40.693699!4d-73.9651648!16s%2Fg%2F11b8v5ssnv?entry=ttu)

     Neno's Gourmet Mexican

     [LWBC application](https://drive.google.com/file/d/1HT4JbkxMPl7MJN903K0VxZ_FOjTIHgbM/view?usp=drive_link)

   - d. [271 Adelphi](https://maps.app.goo.gl/VhhV7t43hXAnFFLf7)

     Mango Bay Caribbean

     [LWBC application](https://drive.google.com/file/d/1D24jqD-glshcUq5d1_oCeGY00Zt9DSNM/view?usp=drive_link)

   - e. [39 Clifton](https://maps.app.goo.gl/Wh4YbtsXdp9DdrtU8)

     Cachette

     [LWBC application](https://drive.google.com/file/d/1MknCZVlqZLkxMK33OQocOsF-THw32UHn/view?usp=drive_link)

   - f. [274 Hall](https://www.google.com/maps/place/274+Hall+St,+Brooklyn,+NY+11205/@40.690056,-73.9651713,16z/data=!4m16!1m9!3m8!1s0x89c25bb9332a85cd:0x70549ce83af6fea0!2s274+Hall+St,+Brooklyn,+NY+11205!3b1!8m2!3d40.6900427!4d-73.9654379!10e5!16s%2Fg%2F11c3q4j9j4!3m5!1s0x89c25bb9332a85cd:0x70549ce83af6fea0!8m2!3d40.6900427!4d-73.9654379!16s%2Fg%2F11c3q4j9j4?entry=ttu)

     Dinner Party Restaurant

     [LWBC application](https://drive.google.com/file/d/1tjDX3OFdIsx_Raj26k6YCRVnZZYvAe2i/view?usp=drive_link)

   - g. [141 Nevins](https://maps.app.goo.gl/bBxpJBfuMJHyp1YZ7)

     Luisa Capital LLC

     [LWBC application](https://drive.google.com/file/d/1hQsVw5y1G6VkjNyIlN5IiffZbLxXfiFe/view?usp=drive_link)

   No details submitted; Automatic Stipulations recommended

   - h. [Pier 6 NW Berth](https://www.google.com/maps/search/Brooklyn+Bridge+Park+Pier+6+NW/@40.6928537,-74.0046186,17z/data=!3m1!4b1?entry=ttu)

     Pilot

     ALT - no details submitted

   - i. [139 Flatbush](https://www.google.com/maps/place/139+Flatbush+Ave,+Brooklyn,+NY+11217/@40.6847573,-73.9800893,17z/data=!3m1!4b1!4m6!3m5!1s0x89c25badfa39bb07:0xabf351fba289047c!8m2!3d40.6847533!4d-73.9775144!16s%2Fg%2F11t6vgklhg?entry=ttu)

     Chuck E. Cheese's

     WBC - no details

   - j. [151 Montague](https://www.google.com/maps/place/151+Montague+St,+Brooklyn,+NY+11201/@40.6947332,-73.9981313,17z/data=!3m1!4b1!4m6!3m5!1s0x89c25a48f557e5d9:0xb22ae83db14a3ec3!8m2!3d40.6947292!4d-73.9932604!16s%2Fg%2F11b8v42ynv?entry=ttu)

     Prosperity Wealth LLC

     LWBC - no details

   - k. [222 Greene](https://maps.app.goo.gl/yF23eEgXZPdfZLqj8)

     Taylormade Jamaican

     LWBC - no details

   - l. [63 Flushing](https://www.google.com/maps/place/63+Flushing+Ave,+Brooklyn,+NY+11201/@40.6984026,-73.9797732,17z/data=!3m1!4b1!4m6!3m5!1s0x89c25bc8bf2728ff:0xd4fff808687146c6!8m2!3d40.6983986!4d-73.9749023!16s%2Fg%2F11fx0pg36p?entry=ttu)

     NG Events LLC

     LWBC - no details

   Withdrawn; Laid Over

   m. [455 Myrtle](https://maps.app.goo.gl/V1NznNc9nALPNKBBA)

      Rosticceria Evelina

      ALT - no details

   n. [224 Dekalb](https://maps.app.goo.gl/3zgDwzJ53HykyJCX6)

      Marlinspike Hall LLC

      WBC - no details

   - o. [224 Dekalb](https://maps.app.goo.gl/3zgDwzJ53HykyJCX6)

     Marlinspike Hall LLC

     (also) LWBC - no details

8. Committee Chairperson's Report

B. Smith

9. New Committee Business
10. Community Forum
11. Adjourn"	2024-09-04
agendas/2024_10_02_HESS_agenda.pdf	agenda_markdowns/2024_10_02_HESS_agenda.md	"## PUBLIC MEETING NOTICE

## [Health, Environment & Social Services Committee](https://cbbrooklyn.cityofnewyork.us/cb2/all-committees/health-environment-social-services/)

Committee

Members:

Brandon Smith (Chair), Nicole McKnight (Vice Chair), Jessica Thurston (Secretary), Emily Anadu, Alvin Browne, Akosua Cobb, Monique Cumberbatch, Kyiesha Kelly, Jeffrey Ryan, Alejandro Varela

The next meeting of the Committee will be held as follows:

## Wednesday, October 02 @ 6:00 PM [350 Jay St](https://goo.gl/maps/gZtBrHLm2jvkKUU89) / 8th Floor Conference Room

## AGENDA

1. Welcome & Review of BKCB2 Meeting Protocols
2. Roll Call & Introduction of Committee Members
3. Adoption of this Agenda
4. Adoption of the [September 2024 Minutes](https://drive.google.com/file/d/15_95DXhSsYbIVIqE5HwaFyNjfsdXb4xZ/view?usp=drive_link)
5. PUBLIC PRESENTATION and Q&A:

   [Fort Greene Council (FGC)](https://www.fortgreenecouncil.org/)

   Informational; no Board Action requested - [presentation](https://drive.google.com/file/d/1AOdB67xy_yACxLda68nHhnsAoqY0YFZm/view?usp=drive_link)

   Septimus Fletcher, Director for Grace Agard Older Adult Club (FGC) Timothy Ruffin, Director for Willoughby Older Adult Club (FGC)

   [Fort Greene Council, Inc. (FGC)](https://www.fortgreenecouncil.org/) is a 501(c)3 not-for-profit organization established in 1973 and incorporated in 1974. The Council provides services at several life cycle stages, beginning with early childhood programs and continuing with programs for older adults. FGC operates 14 Older Adult Clubs in 7 Brooklyn Community Districts, and 1 educationally advanced child education center, Young Minds UPK-4.

B. Smith

6. PUBLIC REVIEW and COMMITTEE ACTION:

   For Recommendation to the [NYS Office of Addiction Services & Supports](https://oasas.ny.gov/)

   [101 Willoughby](https://maps.app.goo.gl/oQQjZfRBpEjkraW96)

   [Sands House](https://sands-house-inc.ueniweb.com/)

   application - 2nd review of lease details

7. PUBLIC REVIEW and COMMITTEE ACTIONS:

   For Recommendation to the [NY State Liquor Authority (SLA)](https://sla.ny.gov/)

   a. 995A Fulton Fastlife Pizza LLC [WBC application](https://drive.google.com/file/d/1d72-dc-V9aETHVcb7hSRYLF5sCvciVpS/view?usp=drive_link)

   b. [39 Clifton](https://maps.app.goo.gl/Wh4YbtsXdp9DdrtU8)

      Cachette

      [LWBC application](https://drive.google.com/file/d/1_39JtUfvE6DdKznTs7T6kVaXz5l6UO8b/view?usp=drive_link) - 3rd revision

   c. [63 Flushing](https://www.google.com/maps/place/63+Flushing+Ave,+Brooklyn,+NY+11201/@40.6984026,-73.9797732,17z/data=!3m1!4b1!4m6!3m5!1s0x89c25bc8bf2728ff:0xd4fff808687146c6!8m2!3d40.6983986!4d-73.9749023!16s%2Fg%2F11fx0pg36p?entry=ttu) NG Events LLC

      LWBC application

      No operating details submitted; Automatic Stipulations recommended

   d. 85 Flatbush Hersha Hospitality LWBC - new Representative

   e. [56 Adams](https://maps.app.goo.gl/QmQydM9o8KT3AHLJ6)

      Malka Dumbo LLC LWBC - laid over at applicant request

8. Committee Chairperson's Report

   B. Smith

9. New Committee Business

10. Community Forum

11. Adjourn"	2024-10-02
agendas/2024_11_06_HESS_agenda.pdf	agenda_markdowns/2024_11_06_HESS_agenda.md	"## PUBLIC MEETING NOTICE

## [Health, Environment & Social Services Committee](https://cbbrooklyn.cityofnewyork.us/cb2/all-committees/health-environment-social-services/)

Committee

Members:

Brandon Smith (Chair), Nicole McKnight (Vice Chair),

Jessica Thurston (Secretary), Emily Anadu, Alvin Browne, Akosua Cobb, Monique Cumberbatch, Kyiesha Kelly, Jeffrey Ryan

The next meeting of the Committee will be held as follows:

## Wednesday, November 06, 2024 @ 6:00 PM [350 Jay St](https://goo.gl/maps/gZtBrHLm2jvkKUU89) / 8th Floor Conference Room

## AGENDA

1. Welcome & Review of BKCB2 Meeting Protocols
2. Roll Call & Introduction of Committee Members
3. Adoption of this Agenda
4. Adoption of the [October 2024 Minutes](https://drive.google.com/file/d/1knsno7be7-Az1jKxYO7UUAxk9UUjP5hy/view?usp=drive_link)

5. **PUBLIC REVIEW and COMMITTEE ACTION:**

   For Recommendation to [NY State Office of Cannabis Management (OCM)](https://cannabis.ny.gov/)

   [67 Jay](https://maps.app.goo.gl/wLvDrPZuenzBm6WD8)

   Mad City Canna LLC

   application

6. **PUBLIC REVIEW and COMMITTEE ACTIONS:**

   For Recommendation to the [NY State Liquor Authority (SLA)](https://sla.ny.gov/)

   a. [31 Rockwell](https://maps.app.goo.gl/8vGXFgULxK9VwL8eA)

      St. James Selections

      [LWBC application](https://drive.google.com/file/d/1e0QFx7XQrOqbV5SuFvNR1MirJRF39DOi/view?usp=drive_link)

   b. [56 Adams](https://maps.app.goo.gl/QmQydM9o8KT3AHLJ6)

      Malka Dumbo LLC

      [LWBC application](https://drive.google.com/file/d/1ZRljL7SUr2BWfVnxBV13WzzJ_9DbYF2g/view?usp=drive_link)

   **No details submitted; Automatic Stipulations recommended**

   c. [117 Adams](https://maps.app.goo.gl/Ft4PrhdgYeRpJxyf6)

      El Gallo Taqueria

      LWBC-no details submitted

   **Requirements met for an Automatic Waiver issued by the District Office**

   d. [711 Fulton](https://maps.app.goo.gl/9kRNzBc6is7FZJ5q7)

      Kofee

      WBC-[Early Closure](https://drive.google.com/file/d/187EYXwt4OyWrnwHsykNkcyz-Fju1bjh_/view?usp=drive_link)

7. Committee Chairperson's Report  
   B. Smith

8. New Committee Business
9. Community Forum
10. Adjourn

   B. Smith"	2024-11-06
agendas/2024_12_04_HESS_agenda.pdf	agenda_markdowns/2024_12_04_HESS_agenda.md	"<!-- image -->

<!-- image -->

<!-- image -->

<!-- image -->

## PUBLIC MEETING NOTICE

## [Health, Environment & Social Services Committee](https://cbbrooklyn.cityofnewyork.us/cb2/all-committees/health-environment-social-services/)

Committee Members:

Brandon Smith (Chair), Nicole McKnight (Vice Chair), Jessica Thurston (Secretary), Emily Anadu, Alvin Browne, Akosua Cobb, Monique Cumberbatch, Kyiesha Kelly, Jeffrey Ryan

The next meeting of the Committee will be held as follows:

## Wednesday, December 04, 2024 @ 6:00 PM [350 Jay St](https://goo.gl/maps/gZtBrHLm2jvkKUU89) / 8th Floor Conference Room

## AGENDA

1. Welcome & Review of BKCB2 Meeting Protocols
2. Roll Call & Introduction of Committee Members
3. Adoption of this Agenda
4. Adoption of the [November 2024 Minutes](https://drive.google.com/file/d/1GyUFWiOYui0u4ra4CiC9vI99VnYkpjFP/view?usp=drive_link)
5. PUBLIC REVIEW and COMMITTEE ACTION:

   For Recommendation to the [NY State Office of Addiction Services & Supports (OASAS)](https://oasas.ny.gov/)

   Elevate Point - [application](https://drive.google.com/file/d/1VoTmhorfrszBkIkQKbYuFpVeoOYtb0ns/view?usp=drive_link)

   Joel Samuel, Founder & CEO

   Dr. Joseph Nissenfeld, Medical Director & Partner

   Elevate Point is a Behavioral Health Outpatient Program located at [203 Jay St](https://maps.app.goo.gl/8rQRKDbd1yAV7vmA7): 'Our mission is to provide compassionate, high-quality care for individuals facing mental health and substance use challenges. By integrating cutting-edge treatments with evidence-based clinical practices, we focus on complete healing and sustainable recovery. Elevate Point serves patients of all ages, with a special emphasis on adolescents, offering culturally sensitive, trauma-informed services in multiple languages. We strive to foster a healthier community where individuals don't just survive—they thrive.'

   B. Smith

6. PUBLIC REVIEW and COMMITTEE ACTIONS:

   No details submitted; Automatic Stipulations recommended

   a. [88 Livingston](https://maps.app.goo.gl/51yoprtKU8DreWo99)

      Next Stop Vegan

      WBC-no details submitted

   b. [441 Myrtle](https://maps.app.goo.gl/KsgSMMuV4aPn8SWFA)

      Spice Grill

      WBC-no details submitted

   c. [20 Old Fulton](https://maps.app.goo.gl/9JQLSaw6eiPh9RP8A)

      Ai Dining

      LWBC-no details submitted

   d. [176 Smith](https://maps.app.goo.gl/hUffJ1qrm8obe1VMA)

      Xochitl Taqueria

      LWBC-no details submitted

## Eligible for Automatic Waiver of Local Review by District office

   i. [21 Clark](https://maps.app.goo.gl/zXAekPjt7z7JLN3b7)

      Discovery NY

      [LWBC-Umbrella Operator](https://drive.google.com/file/d/1Up0xVRUJy98qiMXmk87tGDVtjDZmjuTz/view?usp=drive_link)

## Withdrawn by Applicant/Representative; Laid Over

| j.   | [192 Duffield](https://maps.app.goo.gl/Xqze8RovMiFnP7wg9)   | Little Pizza Parlor   | CHANGE-no details submitted   |
|------|----------------|-----------------------|-------------------------------|
| k.   | [82 Washington](https://maps.app.goo.gl/uAMXzQaGigd1obNv6)  | Le Petit Monstre      | CLASS-no details submitted    |

7. Committee Chairperson's Report

   B. Smith

8. New Committee Business
9. Community Forum
10. Adjourn"	2024-12-04
agendas/2025_01_07_HESS_agenda.pdf	agenda_markdowns/2025_01_07_HESS_agenda.md	"<!-- image -->

<!-- image -->

## PUBLIC MEETING NOTICE

## [Health, Environment & Social Services Committee](https://cbbrooklyn.cityofnewyork.us/cb2/all-committees/health-environment-social-services/)

Committee

Members:

Brandon Smith (Chair), Nicole McKnight (Vice Chair),

Jessica Thurston (Secretary), Emily Anadu, Alvin Browne, Akosua Cobb, Monique Cumberbatch, Kyiesha Kelly, Jeffrey Ryan

The next meeting of the Committee will be held as follows:

## [Tuesday, January 07, 2025 @ 6:00 PM 350 Jay St](https://goo.gl/maps/gZtBrHLm2jvkKUU89) / 8th Floor Conference Room

## AGENDA

1. Welcome & Review of BKCB2 Meeting Protocols

2. Roll Call & Introduction of Committee Members

3. Adoption of this Agenda

4. Adoption of the [December 2024 Minutes](https://drive.google.com/file/d/1CLiX_WnPZ3j0bVcWSNiqIcXO4y2idd3k/view?usp=drive_link)

5. PUBLIC REVIEW and COMMITTEE ACTION:

   For Recommendation to [NY State Office of Cannabis Management (OCM)](https://cannabis.ny.gov/)

   - a. [64 Henry](https://maps.app.goo.gl/Q4T9Rtc7S7erH9Vg9)

     High of Brooklyn, LLC

     [application](https://drive.google.com/file/d/1z-ptBIHFEWtdWkwlkUltITLiZUaoO1Lj/view?usp=drive_link)

6. PUBLIC REVIEW and COMMITTEE ACTIONS:

   For Recommendation to the [NY State Liquor Authority (SLA)](https://sla.ny.gov/)

   - a. [415 Myrtle](https://maps.app.goo.gl/UyjUYxE57vdSw2RV8)

     Double Walker Beer LLC

     [LWBC application](https://drive.google.com/file/d/1JwLwxYMMmEYNhdnmO4VfD8IVjYa0SuKR/view?usp=drive_link)

   - b. [82 Washington](https://maps.app.goo.gl/uAMXzQaGigd1obNv6)

     Le Petit Monstre

     [LWBC application](https://drive.google.com/file/d/1GVm-Qe_iKyrbhWv2tMBCgNpXuPVHBYO9/view?usp=drive_link)

   - c. [80 Montague](https://maps.app.goo.gl/sLeUQJ2fvrifKqbDA)

     Wildblume

     [LWBC application/partial](https://drive.google.com/file/d/1hCiY0SITK4ud9EOKabhw5__dcqRg1mLb/view?usp=drive_link)

   - d. [80 Montague](https://maps.app.goo.gl/sLeUQJ2fvrifKqbDA)

     Wildblume

     [WBC application/partial](https://drive.google.com/file/d/1r48T_8uXX2MFTwpe0EZmPLmAojMTXiMb/view?usp=drive_link)

   - e. [228 Dekalb](https://maps.app.goo.gl/693dud7wxgAHP3hv5)

     Sailor

     [Alteration application](https://drive.google.com/file/d/1XqwGZXyxit7MAHo0354FbU3bifQtt4r6/view?usp=drive_link)

   No details submitted; Automatic Stipulations recommended

   - f. 192 Duffield

     Little Pizza Parlor

     CHANGE - [no details submitted](https://cbbrooklyn.cityofnewyork.us/cb2/applicants/state-liquor-licenses/)

   - g. [224 Dekalb](https://maps.app.goo.gl/GuBZPyzECMcZDiJGA)

     Marlinspike Hall LLC

     WBC -

     [no details submitted](https://cbbrooklyn.cityofnewyork.us/cb2/applicants/state-liquor-licenses/)

   - h. 280 Ashland Mito

     LWBC - [no details submitted](https://cbbrooklyn.cityofnewyork.us/cb2/applicants/state-liquor-licenses/)

7. Committee Chairperson's Report

   B. Smith

8. New Committee Business
9. Community Forum
10. Adjourn

    B. Smith
"	2025-01-07
agendas/2025_02_04_HESS_agenda.pdf	agenda_markdowns/2025_02_04_HESS_agenda.md	"## PUBLIC MEETING NOTICE

## [Health, Environment & Social Services Committee](https://cbbrooklyn.cityofnewyork.us/cb2/all-committees/health-environment-social-services/)

Committee

Members:

Brandon Smith (Chair), Nicole McKnight (Vice Chair),

Jessica Thurston (Secretary), Emily Anadu, Alvin Browne, Akosua Cobb, Monique Cumberbatch, Kyiesha Kelly, Jeffrey Ryan

The next meeting of the Committee will be held as follows:

## Tuesday, February 04, 2025 @ 6:00 PM [350 Jay St](https://goo.gl/maps/gZtBrHLm2jvkKUU89) / 8th Floor Conference Room

## AGENDA

1. Welcome & Review of BKCB2 Meeting Protocols
2. Roll Call & Introduction of Committee Members
3. Adoption of this Agenda
4. Adoption of the January 2025 Minutes

5. **PUBLIC REVIEW and COMMITTEE ACTIONS:**

**For Recommendation to the NY State Liquor Authority (SLA)**

   - a. [147 Front](https://maps.app.goo.gl/QWkJWLGc6UUqyfjY8) Pearl Street [WBC application](https://drive.google.com/file/d/1bx-hrEvX4mGpw09LO5Y6mF7T1ZEmgQYW/view?usp=drive_link)
   - b. [192 Duffield](https://maps.app.goo.gl/Xqze8RovMiFnP7wg9) Little Pizza Parlor [SDWLK application](https://drive.google.com/file/d/1YfLO_ZqWfJUlywXw6BtXdcZZvhIGSyix/view?usp=drive_link)
   - c. [222 Greene](https://maps.app.goo.gl/7wuQWeesNiCZmRuF9) Swamp Kitty LLC [LWBC application](https://drive.google.com/file/d/1ezR4PCkWa6JDs7GsD6O8Q6CV6xMGZgRF/view?usp=drive_link)
   - d. [61 Bond](https://maps.app.goo.gl/jSFeUX4SJFCWfbt16) Ace Brooklyn [LWBC application](https://drive.google.com/file/d/1PKPVDiaIQ5s60vlAYmfIQywEec9FRdLt/view?usp=drive_link)
   - e. [11 Adelphi](https://maps.app.goo.gl/SEVmhLeaQUG1iNAw9) Shell's Loft [LWBC application](https://drive.google.com/file/d/1lzDXsrOkqL5qhTj8J0OlouRj10wXj7CU/view?usp=drive_link)
   - f. [70 Hudson](https://maps.app.goo.gl/BUZJyuZ52RpBd6pJ8) Cafe Gitane [CHANGE application](https://drive.google.com/file/d/18OUoJMfZz6nu8wDjGjrW2pejjQtH1Lcp/view?usp=drive_link)

**No details submitted; Automatic Stipulations recommended**

   - g. [224 Atlantic](https://maps.app.goo.gl/7U6GR3HZMDXiUycZA) Enerugi Ramen WBC - no details submitted

**Eligible for Automatic Waiver of Local Review by District office**

   - h. [270 Clermont](https://maps.app.goo.gl/xRyGB3tU2cNKkHU5A) Heretic [WBC application](https://drive.google.com/file/d/1Cf8v8Q-uO3owu1XrX_bMHtA7AoAGmxrz/view?usp=drive_link)

**Voluntarily Withdrawn by The Applicant**

   - i. [72 Clark](https://maps.app.goo.gl/3ueuErFdzRU57Uuq6) Floyd [WBC + LWBC applications](https://drive.google.com/file/d/1IQ_GtTh5qH0NTJ7td_x8LUBsLc-y84R6/view?usp=drive_link)

6. Committee Chairperson's Report B. Smith
7. New Committee Business
8. Community Forum
9. Adjourn

B. Smith"	2025-02-04
agendas/2025_03_04_HESS_agenda.pdf	agenda_markdowns/2025_03_04_HESS_agenda.md	"<!-- image -->

<!-- image -->

## PUBLIC MEETING NOTICE

## [Health, Environment & Social Services Committee](https://cbbrooklyn.cityofnewyork.us/cb2/all-committees/health-environment-social-services/)

Committee

Members:

Brandon Smith (Chair), Nicole McKnight (Vice Chair),

Jessica Thurston (Secretary), Emily Anadu, Alvin Browne, Akosua Cobb, Monique Cumberbatch, Kyiesha Kelly, Jeffrey Ryan

The next meeting of the Committee will be held as follows:

## Tuesday, March 04, 2025 @ 6:00 PM [350 Jay St](https://goo.gl/maps/gZtBrHLm2jvkKUU89) / 8th Floor Conference Room AGENDA

1. Welcome & Review of BKCB2 Meeting Protocols
2. Roll Call & Introduction of Committee Members
3. Adoption of this Agenda
4. Adoption of the [February 2025 Minutes](https://example.com)

## 5. PUBLIC REVIEW and COMMITTEE ACTIONS:

**For Recommendation to the NY State Liquor Authority (SLA)**

- a. [60 Henry](https://maps.app.goo.gl/yEHqPXc78V6sZkix9) Brooklyn Farm/Binc [SDWLK application](https://drive.google.com/file/d/1xse9yaLUn4NzEWfxBf8NWKAbP2SiI-GZ/view?usp=drive_link)

- b. [364 Atlantic](https://maps.app.goo.gl/dsqpzbnsSUgX2rBh8) Someday Bar NYC [SDWLK application](https://drive.google.com/file/d/1v-GJwkIsjd7UB2JOAd4Ge58pU5NhtbxU/view?usp=drive_link)

- c. [336 State](https://maps.app.goo.gl/i9xpHX6miE8MpEx68) Grand Army [SDWLK application](https://drive.google.com/file/d/1u2EZCnUwUtenUvmYx556nY0cl4TvCeU6/view?usp=drive_link)

- d. [128 Montague](https://maps.app.goo.gl/yee1EGs5ymsciaZW7) Khaosan [WBC application](https://drive.google.com/file/d/10bWHRujzB12aU44tKlpXrqSyfo-cG5aa/view?usp=drive_link)

- e. [14 Grove](https://maps.app.goo.gl/FXWMqrwUrJLyai7H9) 957 Myrtle Broadway [LWBC application](https://drive.google.com/file/d/1tSDc4lbgA8IuZswmcq0CcZ1w6njoWU86/view?usp=drive_link)

## Eligible for Automatic Waiver of Local Review by District office

- f. [19 Old Fulton](https://maps.app.goo.gl/t7aPZ6ZwcCFtLQNZ7) Juliana's [CHANGE + SDWLK](https://drive.google.com/file/d/1R1Hj0ENCtO-fcTeikG_blU8BdofLM0xw/view?usp=drive_link) - Early Close

- g. [445 Gold](https://maps.app.goo.gl/HytsZXe1wG1JidWS7) Alamo Drafthouse [LWBC](https://drive.google.com/file/d/1huVt7o5Q8oAR0JsXM3VdTwWy5e6RmTA6/view?usp=drive_link) - Umbrella Operator

- h. [117 Adams](https://maps.app.goo.gl/Ft4PrhdgYeRpJxyf6) El Gallo Taqueria [LWBC](https://drive.google.com/file/d/1-pM6ryt7DEkYOfX3IDWjIKOmt93VbFhw/view?usp=drive_link) - Umbrella Operator

- i. [216 1/2 Greene](https://maps.app.goo.gl/J2YvLHyk6KsxQp5U9) Golden Ratio [LWBC](https://drive.google.com/file/d/1kOTanw5ReGAA3c3onCXVsDaFnRUUc8ZO/view?usp=drive_link) - Previously Approved

6. Committee Chairperson's Report

7. New Committee Business
8. Community Forum
9. Adjourn

B. Smith"	2025-03-04
agendas/2025_04_01_HESS_agenda.pdf	agenda_markdowns/2025_04_01_HESS_agenda.md	"## PUBLIC MEETING NOTICE

## [Health, Environment & Social Services Committee](https://cbbrooklyn.cityofnewyork.us/cb2/all-committees/health-environment-social-services/)

Committee  
Brandon Smith (Chair), Nicole McKnight (Vice Chair),  
Members:  
Jessica Thurston (Secretary), Emily Anadu, Alvin Browne, Akosua Cobb, Monique Cumberbatch, Kyiesha Kelly, Jeffrey Ryan

The next meeting of the Committee will be held as follows:

## Tuesday, April 01, 2025 @ 6:00 PM  
[350 Jay St](https://goo.gl/maps/gZtBrHLm2jvkKUU89) / 8th Floor Conference Room

## AGENDA

1. Welcome & Review of BKCB2 Meeting Protocols
2. Roll Call & Introduction of Committee Members
3. Adoption of this Agenda
4. Adoption of the [March 2025 Minutes](https://example.com)  
5. PUBLIC DISCUSSION and Q&A:  
   [NYC Dept of Environmental Protection (NYC DEP)](https://www.nyc.gov/site/dep/index.page) - Flooding 101

   Drisana Hughes; Brooklyn Borough Commissioner (NYC DEP)

   Informational; no Board Action needed

   DEP will present a brief overview of what the DEP does and how the NYC sewer system works, before sharing details about the types of flooding that can occur in NYC, the best ways to mitigate flooding in our homes and communities, and the various tools that the NYC DEP has implemented, such as green infrastructure investments, porous pavement, floodnet sensors, and more.
    
6. PUBLIC DISCUSSION and Q&A:  
   [Reducing Single-Use Plastics & BkSWAB Updates](https://drive.google.com/file/d/1w8K8_ZWcuVx6QooepZMfHon0GbISrGaW/view?usp=drive_link)

   Rhonda Keyser; [Brooklyn Solid Waste Advisory Board (BkSWAB)](https://example.com) Chair and [Cafeteria Culture](https://www.cafeteriaculture.org/rhonda-keyser-bio.html) Program & Policy Director

   Informational; no Board Action needed

   The [Brooklyn Solid Waste Advisory Board (BkSWAB)](https://example.com) is a volunteer citizens' advisory board helping our borough contribute to NYC's 2030 Zero Waste goals.

   [Cafeteria Culture (CafCu)](https://www.cafeteriaculture.org/) is a national environmental education nonprofit that centers school cafeterias as robust student action hubs to address food waste, plastic pollution, and other climate issues. Among its accomplishments, CafCu catalyzed the elimination of styrofoam trays from NYC's public schools in 2015, produced the award-winning film Microplastic Madness in 2019, and initiated [Plastic Free Lunch Day](https://www.cafeteriaculture.org/plastic-free-lunch.html) in 2022.

7. PUBLIC REVIEW and COMMITTEE ACTIONS:

   For Recommendation to **NY State Office of Cannabis Management (OCM)**
   
   - a. [56 Jay](https://www.google.com/maps/place/56+Jay+St,+Brooklyn,+NY+11201/@40.703202,-73.9894099,824m/data=!3m2!1e3!4b1!4m6!3m5!1s0x89c25a33b0673691:0x5973630b06beb2a3!8m2!3d40.703202!4d-73.986835!16s%2Fg%2F11dzntdbsl?entry=ttu&g_ep=EgoyMDI1MDMyMy4wIKXMDSoASAFQAw%3D%3D)
   
     The Brooklyn Bazaar  
     [OCM application](https://drive.google.com/file/d/1mlGQiIx8FThK-Pn9F3loYJ03PHHGoQr5/view?usp=drive_link)  

   - b. [19 Greene](https://maps.app.goo.gl/xfpTAHuac4u4RtPy6)

     Green Heights  
     [OCM application](https://drive.google.com/file/d/1brmvCG7FBpCAtFevshkbfOZj4nEN8jF4/view?usp=drive_link)  

   - c. [50 Old Fulton](https://maps.app.goo.gl/1zZQtA6gasDHenp28)
     
     Whitstone LLC  
     [OCM application](https://drive.google.com/file/d/1n-zN8PhFP47xk848VeAZPvheDnMRz92U/view?usp=drive_link)  

8. PUBLIC REVIEW and COMMITTEE ACTIONS:

   For Recommendation to the **NY State Liquor Authority (SLA)**

   - d. [507 Myrtle](https://maps.app.goo.gl/YnNcWscmur5zH9Sq9)

     Mariscos El Submarino  
     [LWBC application](https://drive.google.com/file/d/135tBfpd84GUbm-Uarpwgkp1Wa0smoG39/view?usp=drive_link)  

   - e. [154 Carlton](https://maps.app.goo.gl/kNGgJbnqXWjAZsmE6)

     Taqueria Green Valley  
     [LWBC application](https://drive.google.com/file/d/1koq9HjnD-WRcxdpmecHbHWYfEwZGSj4C/view?usp=drive_link)  

   - f. [85 Flatbush](https://maps.app.goo.gl/2PaiMNW7YLoPNMuH7)

     The Tillary Hotel  
     [ALT application](https://drive.google.com/file/d/1bSekrIh0P2ltziCUp1lJSw1z2792Iv8q/view?usp=drive_link)  

   For Recommendation to the **SLA for DOT Dining Out NYC**

   - g. [228 Dekalb](https://maps.app.goo.gl/693dud7wxgAHP3hv5)

     Sailor  
     [SDWLK & RDWY application](https://drive.google.com/file/d/1iFlffBx7lyFgEEPWvSnrog2nFPP8Zgmw/view?usp=drive_link)  

   - h. [197 Adelphi](https://maps.app.goo.gl/3QBEHUZYVSjcMErZ9)

     Rhodora Wine Bar  
     [SDWLK & RDWY application](https://drive.google.com/file/d/19Sq-GMB0IKfp7afpAiTBtPEdDn_4jVzJ/view?usp=drive_link)  

   - i. [190 Dean](https://maps.app.goo.gl/pCbuaHZbbpSs3XmH7)

     Rucola  
     [SDWLK & RDWY application](https://drive.google.com/file/d/1Wwl6Soflg6UijXdWcvQTSJGsg1LYWEy3/view?usp=drive_link)  

   - j. [87 Atlantic](https://maps.app.goo.gl/NYmuXAFb5v4FABoD9)

     Table 87  
     [SDWLK & RDWY application](https://drive.google.com/file/d/1GQHuuVuMIS5PdXpxyVVkENBc6tlvOg9X/view?usp=drive_link)  

   - k. [1 S. Elliott](https://maps.app.goo.gl/hEJYBFJdx22yJjbZ7)

     Café Paulette  
     [SDWLK & RDWY application](https://drive.google.com/file/d/1UuYVigorf3Rj0pBk0lbcMroDeIiefopX/view?usp=drive_link)  

   - l. [136 Dekalb](https://maps.app.goo.gl/ydZv19zfgDyd7NN98)

     Petit Paulette  
     [RDWY application](https://drive.google.com/file/d/1pLsF-6w_i2TqNge7f5n4ZPX5ZCnqh1dp/view?usp=drive_link)  

   - m. [38 Henry](https://maps.app.goo.gl/y9KEhzWzrWP9W68Y7)

     Noodle Pudding  
     [RDWY application](https://drive.google.com/file/d/1SgeNNqoyv22EoReWv_QigzkUCMSY9TE0/view?usp=drive_link)

   Eligible for **Automatic Waiver of Local Review by District Office**

   n. 848 Fulton

      Samyan - [WBC](https://drive.google.com/file/d/1DfTeY5DLY3UdFoPVXVYFT24dEMjw-i2f/view?usp=drive_link) - Early Closure

   o. [445 Albee](https://maps.app.goo.gl/SxnMTupGJZTFx6ZN6)

      Harlem Seafood Soul - [WBC](https://drive.google.com/file/d/1Yqxc_pkR0fnLC4PhJV-O8_7TA3Q5CHR3/view?usp=drive_link) - Umbrella Operator

9. Committee Chairperson's Report  
B. Smith

10. New Committee Business
11. Community Forum
12. Adjourn
"	2025-04-01
agendas/2025_05_06_HESS_agenda.pdf	agenda_markdowns/2025_05_06_HESS_agenda.md	"## PUBLIC MEETING NOTICE

## [Health, Environment & Social Services Committee](https://cbbrooklyn.cityofnewyork.us/cb2/all-committees/health-environment-social-services/)

Committee

Members:

Brandon Smith (Chair), Nicole McKnight (Vice Chair),

Jessica Thurston (Secretary), Emily Anadu, Alvin Browne, Monique Cumberbatch, Kyiesha Kelly, Jeffrey Ryan

The next meeting of the Committee will be held as follows:

## Tuesday, May 06, 2025 @ 6:00 PM

## [350 Jay St](https://goo.gl/maps/gZtBrHLm2jvkKUU89) / 8th Floor Conference Room

## AGENDA

1. Welcome & Review of BKCB2 Meeting Protocols  
2. Roll Call & Introduction of Committee Members  
3. Adoption of this Agenda  
4. Adoption of the April 2025 Minutes

## 5. PUBLIC PRESENTATION and Q&A:

Informational; no Board Action needed

## [National Blood Clot Alliance (NBCA)](https://www.stoptheclot.org/) presentation

Leslie Lake; President & Board Chair (NBCA)

Arshell Brooks-Harris, Board Secretary (NBCA)

Dr. Caroline Cromwell, Board Member (NBCA Medical & Scientific Advisory)

The National Blood Clot Alliance (NBCA) is a non-profit, patient-led health organization dedicated to advancing prevention, early diagnosis, and successful treatment of life-threatening, venous blood clots. Blood clots affect people of all ages, races, and genders.

Specific risk factors include any of: sedentary work (especially with legs crossed), birth control or hormone therapy methods that contain estrogen, being age 55 or older, pregnancy, recent hospitalization or surgery, cancer, obesity, smoking, limited mobility, heart and lung conditions, and diabetes.

B. Smith

## 6. PUBLIC REVIEW and COMMITTEE ACTIONS:

### For Recommendation to the SLA for DOT Dining Out NYC

a. [129 Gates](https://maps.app.goo.gl/h3FzmZgm6nnVAmeB6)  
Locanda Vini & Olii  
[RDWY application](https://drive.google.com/file/d/1-psrs5HegW-vSTCtIbz9zA7Ku5KmZfOb/view?usp=drive_link)

b. [419 Myrtle](https://maps.app.goo.gl/deP8gdcZcgWnQRV87)  
Putnam's  
[SDWLK application](https://drive.google.com/file/d/1L1Rpn2t9-XQtNyEV7IRepQG45WgFacYH/view?usp=drive_link)

c. [128 Smith](https://maps.app.goo.gl/zsPfrqrpd7m788mD7)  
Bar Tabac  
[SDWLK application](https://drive.google.com/file/d/1kuqzsTHMAeihE1jbnE-nqjddjtiJz-VC/view?usp=drive_link)

d. [61 Bergen](https://maps.app.goo.gl/dptFJ6iBPzox2u1d9)  
Talea Beer  
[SDWLK & RDWY application](https://drive.google.com/file/d/1lhTIeotYIHW_V2Eo06pxTm1Zzkcw9fNe/view?usp=drive_link)

e. [211 Dekalb](https://maps.app.goo.gl/EqKHDHdyjtv2UzxR6)  
Evelina  
[SDWLK & RDWY application](https://drive.google.com/file/d/1Jda_fEctzv7LklSjU_0goIIwkjZN5RUd/view?usp=drive_link)

f. [141 Nevins](https://maps.app.goo.gl/fZp83FLp8oqNvx736)  
Piccola Cucina  
[SDWLK & RDWY application](https://drive.google.com/file/d/1izFe4ZzYjpwAGcS6AfbxIqlo96xQwq56/view?usp=drive_link)

### For Recommendation to the NY State Liquor Authority (SLA)

g. [737 Fulton](https://maps.app.goo.gl/Ci3Wq6FftW3Hbg71A)  
Fritz  
[OPS application](https://drive.google.com/file/d/1dPuCou2pqe3Ycdf3du_QRW9QfDY8tQdT/view?usp=drive_link)

h. [360 Myrtle](https://maps.app.goo.gl/d2UCK1FATdXwSuqt7)  
Third Falcon  
[CLASS application](https://drive.google.com/file/d/1L8ZnpHSo302ut658_zE7WrBVGfPg5HbS/view?usp=drive_link)

i. [15 Main](https://maps.app.goo.gl/7y1DYaY4XTSQRnH77)  
Pirate Ship Hosp.  
[LWBC application](https://drive.google.com/file/d/1uMHgAsuzNWuTQcW5AlL-xNGHi1I3DXBT/view?usp=drive_link)

j. [159 Bridge](https://maps.app.goo.gl/QyBsDfy6mWUPjmv36)  
BKNY Restaurant  
[LWBC application](https://drive.google.com/file/d/1k-VKce52IuMPQ7oUiACQumbpoSWYLPZt/view?usp=drive_link)

k. [159 Bridge](https://maps.app.goo.gl/QyBsDfy6mWUPjmv36)  
BKNY Vessels  
[LWBC application](https://drive.google.com/file/d/1oqoJiHRud0wPaXFNB9AIUIrmBMNxOX7e/view?usp=drive_link)

### Eligible for Automatic Waiver of Local Review by District Office

l. [80-84 Flatbush](https://maps.app.goo.gl/RZcX2WLyDAD5PGPE9)  
Winner @ Alloy  
[LWBC](https://drive.google.com/file/d/1wHd9BECdq4LHJWEHsa9mADGMTdXQuvED/view?usp=drive_link) - Umbrella Operator

m. [72 Henry](https://maps.app.goo.gl/Ha64Vx2RsEWWWSpm6)  
Henry's End  
[ALT](https://maps.app.goo.gl/Ha64Vx2RsEWWWSpm6) - Early Closure

n. [55 Water](https://maps.app.goo.gl/Euiefr7mJDiJYvV68)  
Time Out Market  
[CORP](https://drive.google.com/file/d/1WcrXZ5aKSGsdn-6FhvOedurHkwN7C87j/view?usp=drive_link) - Umbrella Operator

o. [55 Water](https://maps.app.goo.gl/Euiefr7mJDiJYvV68)  
Time Out 5th Flr  
[CORP](https://drive.google.com/file/d/1z6aO13J0ZmwUUpyxj8lD4vt7hF5E-F1J/view?usp=drive_link) - Umbrella Operator

7. Committee Chairperson's Report  

B. Smith

8. New Committee Business  
9. Community Forum  
10. Adjourn
"	2025-05-06
agendas/2025_06_03_HESS_agenda.pdf	agenda_markdowns/2025_06_03_HESS_agenda.md	"## PUBLIC MEETING NOTICE:

[Health, Environment & Social Services Committee](https://cbbrooklyn.cityofnewyork.us/cb2/all-committees/health-environment-social-services/)  
Tuesday, June 03, 2025 @ 6:00 PM  
350 Jay St / 8th Floor Conference Room  
Public Comment Portal: tiny.cc/bk02comment

## AGENDA

1. Welcome & Review of BKCB2 Meeting Protocols  
   B. Smith
2. Roll Call & Introduction of Committee Members
3. Adoption of this Agenda
4. Adoption of the May 2025 Minutes

## 5. PUBLIC PRESENTATION and Q&A:

Informational; no Board Action needed

## [NYU Langone Health | Vaccine Center](https://med.nyu.edu/centers-programs/vaccine/) presentation

Mark J. Mulligan, MD, FIDSA, Director & Thomas S. Murphy Sr. Professor of Medicine & Microbiology (NYU Langone Vaccine Center; NYU Grossman School of Medicine/Division of Infectious Diseases and Immunology),

With the recent Bird Flu (H5N1) outbreaks across the country, Brooklyn community leaders and residents have an opportunity to review the situation and assess the risk of potential further spread. After recounting the epidemiology (humans, birds, dairy cows, sea mammals, other species), clinical disease, and treatment, Dr. Mulligan will review his ongoing work on H5N1 vaccines, and any prevention methods that residents can use to stay healthy.

## 6. PUBLIC REVIEW and COMMITTEE ACTIONS:

### For Recommendation to NY State Office of Cannabis Management (OCM)

a. [53 Pearl](https://maps.app.goo.gl/uXszqSQA2EV6ieAy8)  
   New Amsterdam Dumbo  
   [OCM application](https://drive.google.com/file/d/1LTtHqECxhj9B6fRyvYf2En2Qg6xgPjXD/view?usp=drive_link)

b. [56 Jay](https://www.google.com/maps/place/56+Jay+St,+Brooklyn,+NY+11201/@40.703202,-73.9894099,824m/data=!3m2!1e3!4b1!4m6!3m5!1s0x89c25a33b0673691:0x5973630b06beb2a3!8m2!3d40.703202!4d-73.986835!16s%2Fg%2F11dzntdbsl?entry=ttu&g_ep=EgoyMDI1MDMyMy4wIKXMDSoASAFQAw%3D%3D)  
   The Brooklyn Bazaar  
   [OCM application](https://drive.google.com/file/d/1FmH7IAL2fhEOOXwNKlqqQKmI-Gt62vJy/view?usp=drive_link)

## 7. PUBLIC REVIEW and COMMITTEE ACTIONS:

### For Recommendation to the SLA for DOT Dining Out NYC

a. [81 Fleet](https://maps.app.goo.gl/dRmq7DigEkTkmDHD6)  
   Vine  
   [RDWY application](https://drive.google.com/file/d/118BjI0hyM5wWbk4itt0_nXGWJDvKKw79/view?usp=drive_link)

### For Recommendation to the NY State Liquor Authority (SLA)

b. [159 Bridge](https://maps.app.goo.gl/FH6ywDoHUgxDnoPC9)  
   Brooklyn Express  
   [LWBC application](https://drive.google.com/file/d/1i4LAdJALOLYiIFFKUzCm7qE8HGu3Niug/view)

c. [7 Old Fulton](https://maps.app.goo.gl/CUauknDhwXKmXR7X7)  
   Patsy's Pizzeria  
   [LWBC application](https://drive.google.com/file/d/1CM595ULFHQdUFKqLfY0QRVnN-g99er0S/view?usp=drive_link)

d. [753 Fulton](https://maps.app.goo.gl/6LBVwhrPkmt6pfPx7)  
   Oma Grasa  
   [CLASS application](https://drive.google.com/file/d/17iTOWHOJltPTx9iQukCXwphllDGNwrFX/view?usp=drive_link)

### No details submitted; Automatic Stipulations recommended

e. [884 Fulton](https://maps.app.goo.gl/nNJ1GS2YfcGD6ddM7)  
   Wei's  
   CLASS - no details submitted

### Eligible for Automatic Waiver of Local Review by District Office

f. [143 Montague](https://maps.app.goo.gl/569gyKeo2TA99CtdA)  
   Grand Canyon Rest.  
   [LWBC](https://drive.google.com/file/d/1AXyJNDNt_k6g-553G1LxFpPjITy4bU7b/view?usp=drive_link) - Early Closure

## 8. Committee Chairperson's Report

- B. Smith

## 9. New Committee Business

a. Field Notes: [Public Health Solutions briefing](https://example.com)  
   P. Gonzalez

## 10. Community Forum

## 11. Adjourn"	2025-06-03
